"cwithin","chalf","call","date","band","count","MIN","P25","P50","P75","MAX","MEDIAN","MEAN","SE.MEAN","CI.MEAN.0.95","VAR","STD.DEV","COEF.VAR","SKEWNESS","SKEW.2SE","KURTOSIS","KURT.2SE","NORMTEST.W","NORMTEST.P","ENTROPY","hist.0","hist.1","hist.2","hist.3","hist.4","hist.5","hist.6","hist.7","hist.8","hist.9","hist.10","hist.11"
185,205,242,2020-01-04,"B04",185,0.3168,0.3326,0.3476,0.3542,0.3628,0.3476,0.344354594594595,0.000918474994727625,0.00181209655426898,0.000156065318448884,0.0124926105537987,0.0362783327125522,-0.423832925821047,-1.18619267342488,-1.13477710999303,-1.59620338378834,0.926427301002426,4.7732303646161e-08,5.21969767546883,0,0,0,0,0,0,0,0,0,185,0,0
185,205,242,2020-01-04,"B08",185,0.23,0.2386,0.2455,0.2488,0.2532,0.2455,0.243772972972973,0.000475230937270172,0.000937602383138015,4.17812220916569e-05,0.00646383957811894,0.0265158171526898,-0.506310450608504,-1.41702475291842,-0.841120975917138,-1.18313996300343,0.936539789170547,2.92217830959001e-07,5.22000451736409,0,0,0,0,0,0,0,0,0,185,0,0
185,205,242,2020-01-09,"B04",185,0.227,0.2468,0.253,0.2586,0.282,0.253,0.252739459459459,0.000619515227493194,0.00122226670894889,7.10028366627497e-05,0.00842631809646121,0.0333399387435694,-0.0492129835054055,-0.137733708060566,0.399626246767317,0.562123400025706,0.993159276494778,0.543257201677814,5.21980239886882,0,0,0,0,0,0,0,0,6,0,0,179
185,205,242,2020-01-09,"B08",185,0.1103,0.1146,0.118,0.1219,0.1596,0.118,0.120416216216216,0.00069944184880763,0.00137995718055634,9.05054964747356e-05,0.00951343767913238,0.0790046222848449,1.90373000784311,5.32802066547341,3.95236123849216,5.55948152926155,0.786211595220197,3.63201313755771e-15,5.21738884586319,0,0,0,0,0,0,0,0,6,0,0,179
185,205,242,2020-01-14,"B04",185,0.0727,0.0816,0.0855,0.0887,0.0984,0.0855,0.0851610810810811,0.00037861224516788,0.00074697944833677,2.65192379553467e-05,0.00514968328689704,0.0604699144435951,-0.0891795390555398,-0.249589188103225,-0.460306346843459,-0.647477413793879,0.991959376092785,0.39676285231763,5.2185312650173,0,0,0,0,8,0,0,177,0,0,0,0
185,205,242,2020-01-14,"B08",185,0.1535,0.1841,0.1875,0.19,0.195,0.1875,0.185548108108108,0.00056258285296165,0.00110994251906111,5.8552401292597e-05,0.00765195408327814,0.0412397310934574,-2.07234731055486,-5.79993447137198,5.0039873729553,7.03872285297897,0.79201279925751,5.96659590900358e-15,5.21948372177665,0,0,0,0,8,0,0,177,0,0,0,0
185,205,242,2020-01-19,"B04",185,0.0853,0.146,0.1588,0.1722,0.2026,0.1588,0.159285945945946,0.00145411894673887,0.00286889022347763,0.000391175453584019,0.0197781559702622,0.12416761474345,-0.441587520757852,-1.23588293850485,0.932053929644097,1.31104833122715,0.975597957580441,0.00250840523183501,5.21245504422584,0,0,1,0,0,0,0,52,132,0,0,0
185,205,242,2020-01-19,"B08",185,0.0946,0.115,0.132,0.1399,0.1603,0.132,0.128552972972973,0.00109083028868349,0.00215214330140995,0.000220133482961222,0.0148368960015639,0.115414647039576,-0.109409962026912,-0.306208620070293,-0.991862240830546,-1.39517606684482,0.966491864067704,0.000205655735558801,5.21367320479523,0,0,1,0,0,0,0,52,132,0,0,0
185,205,242,2020-01-24,"B04",185,0.7292,0.7792,0.7928,0.8116,0.864,0.7928,0.795228108108108,0.00211823939318624,0.00417916037730336,0.00083008355346651,0.0288111706368643,0.0362300707722815,0.24242373022486,0.67847785091259,-0.101654479432411,-0.142989510995911,0.980550611269046,0.0111252405316236,5.21970457281257,0,0,0,0,0,0,0,0,0,185,0,0
185,205,242,2020-01-24,"B08",185,0.5034,0.5435,0.5611,0.5752,0.6236,0.5611,0.561537297297297,0.00196289143669829,0.00387266809577095,0.000712794416568743,0.0266982099881011,0.0475448560881009,0.480260877325786,1.34411910757728,0.266420336524192,0.374752926301585,0.952457284741608,7.30569723584942e-06,5.21923892275454,0,0,0,0,0,0,0,0,0,185,0,0
185,205,242,2020-01-29,"B04",185,0.3646,0.4864,0.536,0.6224,0.818,0.536,0.551402162162162,0.00786948695192139,0.0155260298552498,0.0114568326039953,0.107036594695437,0.19411711095895,0.459077633321144,1.28483298961228,-0.331545936012196,-0.46636008100938,0.967743534464005,0.00028503255462436,5.20188401642263,0,0,0,0,0,0,0,0,0,185,0,0
185,205,242,2020-01-29,"B08",185,0.2981,0.388,0.4298,0.5173,0.6374,0.4298,0.452542702702703,0.00654207285004854,0.0129071207571255,0.00791776267743831,0.088981810935934,0.196626330298802,0.372468590596818,1.04243791911859,-0.797622245555826,-1.12195365603461,0.958626565521574,2.9605125171074e-05,5.20134119572812,0,0,0,0,0,0,0,0,0,185,0,0
185,205,242,2020-02-03,"B04",185,0.948,0.9592,0.9656,0.972,0.9896,0.9656,0.966123243243243,0.000636232439613565,0.00125524877449689,7.48864676850764e-05,0.00865369676410471,0.00895713546343688,0.37720091755376,1.05568241057404,-0.620390472941184,-0.872655399424518,0.972831391514924,0.00113632091823451,5.22031597068705,0,0,0,0,0,0,0,0,0,185,0,0
185,205,242,2020-02-03,"B08",185,0.4857,0.4913,0.4941,0.5009,0.5114,0.4941,0.495793513513514,0.000470092379607193,0.000927464314395319,4.08825663924793e-05,0.0063939476376085,0.0128963922748744,0.49702836733666,1.3910467354016,-0.876382318642761,-1.23273937250853,0.938076173187695,3.90364415733513e-07,5.22027328893776,0,0,0,0,0,0,0,0,0,185,0,0
185,205,242,2020-02-08,"B04",185,0.088,0.1015,0.1052,0.1084,0.1152,0.1052,0.104823783783784,0.000368375102256033,0.000726782174047754,2.51045399529965e-05,0.00501044308948784,0.0477987238070198,-0.356782018154692,-0.998535484530833,-0.0894107714156767,-0.125767231841419,0.987866206329222,0.114147019302469,5.21921183207997,0,0,0,0,20,165,0,0,0,0,0,0
185,205,242,2020-02-08,"B08",185,0.2568,0.2751,0.2809,0.2852,0.2909,0.2809,0.279498378378378,0.000538701639981473,0.00106282630577108,5.36868995299648e-05,0.00732713446921542,0.0262153022558725,-0.931329858819582,-2.60653806670052,0.718892606215772,1.01121074836369,0.9334885119275,1.66348753356842e-07,5.2200111134979,0,0,0,0,20,165,0,0,0,0,0,0
185,205,242,2020-02-13,"B04",185,0.478,0.4856,0.4876,0.49,0.4956,0.4876,0.487634594594595,0.000249884732216018,0.00049300771911309,1.15518401880141e-05,0.00339879981581942,0.00696997270803784,0.0445760314957704,0.124756145049866,-0.290018046590176,-0.407946003889493,0.979388156645911,0.00777944899055288,5.22033166809936,0,0,0,0,0,0,0,0,0,185,0,0
185,205,242,2020-02-13,"B08",185,0.2725,0.2775,0.2798,0.2813,0.2858,0.2798,0.279148108108108,0.000202128933343085,0.000398788367382489,7.55837955346648e-06,0.00274925072582813,0.00984871702860834,-0.499288430819229,-1.39737203620098,-0.072130629946987,-0.101460590438657,0.962037681059195,6.70669220972822e-05,5.22030750681701,0,0,0,0,0,0,0,0,0,185,0,0
185,205,242,2020-02-18,"B04",185,0.107,0.1666,0.1944,0.2326,0.3238,0.1944,0.203242162162162,0.00372326833831897,0.00734578705486416,0.00256460451703878,0.0506419244997539,0.249170368790645,0.60301364648555,1.68767060286957,-0.402377681316187,-0.565993630662632,0.952942299177582,8.12711384380079e-06,5.19029124674544,0,0,0,0,0,0,0,15,134,36,0,0
185,205,242,2020-02-18,"B08",185,0.1328,0.197,0.2271,0.2613,0.3115,0.2271,0.229295135135135,0.00325221015702446,0.00641641727116401,0.00195672111750881,0.044234840538978,0.192916611653833,0.110829393595269,0.310181221593763,-0.912430347460388,-1.28344535262646,0.972660867311685,0.00108320914420036,5.20173410082038,0,0,0,0,0,0,0,15,134,36,0,0
185,205,242,2020-02-23,"B04",185,0.7628,0.7744,0.7972,0.8168,0.8272,0.7972,0.795109189189189,0.00151403378668968,0.00298709864030736,0.000424075186839013,0.0205930858988888,0.0258996955121202,-0.014872351712768,-0.0416236530092806,-1.57675916847986,-2.21790543533462,0.894824844231959,3.77481461379419e-10,5.22002214443919,0,0,0,0,0,0,0,0,185,0,0,0
185,205,242,2020-02-23,"B08",185,0.2634,0.2833,0.3116,0.3248,0.3412,0.3116,0.304901081081081,0.00174332738116669,0.00343948126896122,0.000562250216216216,0.0237118159620097,0.0777688812316939,-0.541887179810414,-1.51659430722328,-1.17137411443857,-1.64768156555467,0.881633425601291,6.59734909837736e-11,5.21729982998803,0,0,0,0,0,0,0,0,185,0,0,0
185,205,242,2020-02-28,"B04",185,0.7168,0.8052,0.8264,0.8552,0.9144,0.8264,0.824482162162162,0.00323830641103115,0.00638898600700274,0.00194002625616921,0.0440457291478892,0.0534222948285279,-0.425400540371139,-1.19057999866742,-0.178239222473991,-0.250715358576923,0.968319194141358,0.000331788070985485,5.21892377219763,0,0,8,0,0,0,0,0,0,162,0,15
185,205,242,2020-02-28,"B08",185,0.2833,0.4183,0.4425,0.4579,0.5066,0.4425,0.437218378378378,0.00278918971126076,0.00550290546176161,0.00143922216039953,0.0379370816009815,0.0867691832664681,-0.781671024795927,-2.18768383991229,1.06753262548652,1.50161575705074,0.948590520256995,3.18579201964783e-06,5.21650460469353,0,0,8,0,0,0,0,0,0,162,0,15
185,205,242,2020-03-04,"B04",185,0.2932,0.3196,0.3294,0.3438,0.4094,0.3294,0.335538378378378,0.00187537992636148,0.00370001308910172,0.000650654225616921,0.0255079247610801,0.0760208858502481,1.11570443738426,3.12255218673509,0.665214802950694,0.935706325114818,0.897787329060333,5.69370998478253e-10,5.21755420023602,0,0,0,0,0,0,0,0,0,185,0,0
185,205,242,2020-03-04,"B08",185,0.3546,0.3692,0.3765,0.3919,0.4383,0.3765,0.383997297297297,0.00155733611938406,0.00307253156806013,0.000448679720916569,0.0211820612999908,0.0551620062148284,1.1540585448579,3.2298948647322,0.500062995178787,0.703400022773296,0.870812913320735,1.73174811789024e-11,5.21887237992062,0,0,0,0,0,0,0,0,0,185,0,0
185,205,242,2020-03-09,"B04",185,0.6392,0.6464,0.65,0.652,0.6588,0.65,0.649623783783784,0.000319814472848282,0.000630974939525255,1.89220399529965e-05,0.00434994712071267,0.00669610200441873,-0.263402724803605,-0.737192330484749,-0.307297255357164,-0.432251333332753,0.971887095913481,0.000872908189978523,5.22033351373748,0,0,0,0,0,0,0,0,185,0,0,0
185,205,242,2020-03-09,"B08",185,0.27,0.2729,0.2736,0.2744,0.2767,0.2736,0.273591351351351,8.90949008423894e-05,0.00017577894199211,1.46851175088131e-06,0.00121182166628647,0.00442931276994287,-0.063480487547414,-0.177664557533634,-0.118082813029285,-0.166097980003975,0.986540569594248,0.0745965937440475,5.22034606768438,0,0,0,0,0,0,0,0,185,0,0,0
185,205,242,2020-03-14,"B04",185,0.1956,0.3426,0.4484,0.528,0.6328,0.4484,0.432497297297297,0.00899083096171637,0.0177383749141397,0.0149544826556992,0.122288522174811,0.282749795059991,-0.16882499322137,-0.47249507494552,-0.988150184632702,-1.38995460387061,0.961816608514869,6.35400846212369e-05,5.17870601127438,0,0,0,0,0,0,0,0,15,170,0,0
185,205,242,2020-03-14,"B08",185,0.2062,0.3745,0.4558,0.5272,0.5743,0.4558,0.443604324324324,0.00699381289550197,0.0137983770074213,0.00904898248119859,0.0951261398417837,0.214439162617892,-0.41462876148456,-1.16043272974002,-0.919861003511397,-1.29389748302982,0.944057228085788,1.25486894569681e-06,5.19636495303676,0,0,0,0,0,0,0,0,15,170,0,0
185,205,242,2020-03-19,"B04",185,0.1288,0.1714,0.1918,0.2062,0.228,0.1918,0.187962162162162,0.00171702554082567,0.00338758930181298,0.000545412690951821,0.0233540722562859,0.124248795542889,-0.573217049281961,-1.60427806033074,-0.508176256814458,-0.714812321772258,0.955989920933531,1.60860339693455e-05,5.21243967224617,0,0,0,0,0,4,0,43,138,0,0,0
185,205,242,2020-03-19,"B08",185,0.2307,0.2672,0.2797,0.2959,0.3238,0.2797,0.279493513513514,0.00152650796373409,0.00301170944993121,0.000431091914218566,0.020762753050079,0.0742870658752342,-0.258670279673759,-0.723947508295595,-0.568503566931551,-0.799670093131732,0.973188510486264,0.00125657908508924,5.21758734753352,0,0,0,0,0,4,0,43,138,0,0,0
185,205,242,2020-03-24,"B04",185,0.0765,0.0842,0.0907,0.0946,0.1054,0.0907,0.0897718918918919,0.000504293954371771,0.000994941987861916,4.70477925969448e-05,0.00685913934812122,0.0764063138647157,-0.104766921738251,-0.293214017628406,-0.954978957300875,-1.34329519838454,0.972511720426636,0.00103888666437499,5.21743898370932,0,0,0,0,88,0,0,0,0,0,97,0
185,205,242,2020-03-24,"B08",185,0.265,0.2822,0.2869,0.2957,0.3129,0.2869,0.289556216216216,0.00080652442589773,0.00159122473828093,0.000120339105170388,0.0109699181934228,0.0378852795383655,0.429476081827068,1.2019863267763,-0.504679144829456,-0.709893204233853,0.951463874017206,5.88352782972257e-06,5.21964552656763,0,0,0,0,88,0,0,0,0,0,97,0
185,205,242,2020-03-29,"B04",185,0.119,0.1368,0.1772,0.2674,0.3736,0.1772,0.203661621621622,0.00513838775459903,0.0101377335235654,0.00488456031257344,0.069889629506626,0.343165437602536,0.404713077835483,1.13268143770968,-1.31511301190824,-1.84986797952323,0.870763738803831,1.72155203344828e-11,5.16282383399597,0,0,0,0,68,49,0,56,12,0,0,0
185,205,242,2020-03-29,"B08",185,0.3326,0.3667,0.377,0.4053,0.4796,0.377,0.386514054054054,0.00212971660464082,0.00420180423309568,0.000839103170975323,0.0289672775899863,0.0749449529354895,0.967627574384551,2.70812546504108,0.826619094409265,1.16274128547431,0.927187547915485,5.44088521837234e-08,5.21762133942626,0,0,0,0,68,49,0,56,12,0,0,0
185,205,242,2020-04-03,"B04",185,0.6788,0.7408,0.7852,0.8148,0.8392,0.7852,0.775422702702703,0.0032545206047714,0.00642097564719502,0.00195950230787309,0.04426626602587,0.0570866262640774,-0.533114518562326,-1.49204202290331,-0.907137571458188,-1.27600041309609,0.92804064425897,6.30801459272265e-08,5.2187167312256,0,0,0,0,0,0,0,0,0,185,0,0
185,205,242,2020-04-03,"B08",185,0.5317,0.5608,0.5956,0.6152,0.634,0.5956,0.589447027027027,0.00210842053637131,0.00415978835661327,0.00082240587426557,0.0286776197454665,0.0486517336258472,-0.512988388128406,-1.43571447728174,-1.03078329190366,-1.44992330564301,0.914873587931565,7.16345059949578e-09,5.21916793217591,0,0,0,0,0,0,0,0,0,185,0,0
185,205,242,2020-04-08,"B04",185,0.0827,0.0912,0.0946,0.1018,0.1144,0.0946,0.0961702702702703,0.000532511357312185,0.001050613246124,5.24601439482961e-05,0.00724293752204837,0.0753136858375599,0.523211613080672,1.46432649347577,-0.559342883185061,-0.786784466284665,0.958434348779856,2.82995327940364e-05,5.21756606108486,0,0,0,0,185,0,0,0,0,0,0,0
185,205,242,2020-04-08,"B08",185,0.2752,0.2938,0.2975,0.3037,0.3226,0.2975,0.299122702702703,0.000767626491424266,0.00151448142634303,0.000109011329612221,0.0104408490848312,0.0349049035412346,0.419541935913469,1.17418336390687,-0.0387998478765423,-0.0545767516154693,0.955399269634745,1.40666515065128e-05,5.21975255305457,0,0,0,0,185,0,0,0,0,0,0,0
185,205,242,2020-04-13,"B04",185,0.0451,0.0481,0.0507,0.0529,0.0761,0.0507,0.0508594594594595,0.000266370364624142,0.000525532891658006,1.31263366627497e-05,0.00362302865883638,0.0712360826745382,2.13869311841008,5.9856182783529,11.7253182997314,16.4931003465003,0.852185867704133,2.04453096478274e-12,5.21793598297086,0,0,5,0,74,0,0,106,0,0,0,0
185,205,242,2020-04-13,"B08",185,0.0967,0.0989,0.1009,0.1037,0.1351,0.1009,0.102278918918919,0.00040105793497784,0.000791263459764735,2.97567814336075e-05,0.00545497767489543,0.0533343305986626,3.11505805240065,8.71819722805346,13.5339087999957,19.0371050245882,0.70878045809855,1.04968107712831e-17,5.219010442255,0,0,5,0,74,0,0,106,0,0,0,0
185,205,242,2020-04-18,"B04",185,0.0509,0.0587,0.061,0.0659,0.0879,0.061,0.0633432432432432,0.000530343492610543,0.00104633617796371,5.20338807285546e-05,0.00721345137424206,0.113878781775379,1.25894341944061,3.52343900017679,1.48553280495061,2.08958435018602,0.896228786195175,4.58225241536079e-10,5.21416260991889,0,0,0,0,150,0,0,35,0,0,0,0
185,205,242,2020-04-18,"B08",185,0.1201,0.126,0.1285,0.1313,0.1477,0.1285,0.129652432432432,0.000421321483155317,0.000831242235496741,3.28396815511163e-05,0.00573059172783373,0.0441996468583047,1.23325267804305,3.45153762733843,1.39496020306318,1.96218286108467,0.887936609574092,1.49301835228115e-10,5.21940072994662,0,0,0,0,150,0,0,35,0,0,0,0
185,205,242,2020-04-23,"B04",185,0.065,0.0713,0.0753,0.0853,0.1017,0.0753,0.0783616216216216,0.000662562271501125,0.00130719596730215,8.12129212690952e-05,0.00901182119602332,0.115002995210308,0.701661409750876,1.96375876616741,-0.682115242373757,-0.959478868953642,0.914139252597463,6.38478317315641e-09,5.21392552723244,0,0,0,0,185,0,0,0,0,0,0,0
185,205,242,2020-04-23,"B08",185,0.2465,0.2619,0.2703,0.2804,0.3043,0.2703,0.273223783783784,0.00102518313046,0.00202262536145818,0.000194435083431257,0.0139439981150048,0.0510350816532115,0.617232404033704,1.72746502421179,-0.593316700505693,-0.83457281316781,0.935076900781679,2.22622220296606e-07,5.21907293496678,0,0,0,0,185,0,0,0,0,0,0,0
185,205,242,2020-04-28,"B04",185,0.8104,0.9064,0.9752,1.0296,1.1272,0.9752,0.967667027027027,0.0056924663370441,0.0112308976225409,0.00599477200470035,0.0774259130052746,0.0800129702085138,-0.0848178766795927,-0.237382085636424,-0.926518235388709,-1.30326169733732,0.975017867013375,0.00211957436160807,5.21715769593101,0,0,0,0,0,0,0,0,0,185,0,0
185,205,242,2020-04-28,"B08",185,0.3995,0.4777,0.537,0.5833,0.6618,0.537,0.530705945945946,0.00510755995821646,0.0100769121142498,0.00482612621445358,0.0694703261432792,0.130901729430322,-0.112189227446885,-0.313987025375376,-0.830839824269807,-1.16867826043277,0.968120902226937,0.000314834594492911,5.21173808958856,0,0,0,0,0,0,0,0,0,185,0,0
185,205,242,2020-05-03,"B04",185,0.524,0.6332,0.6556,0.6792,0.7208,0.6556,0.652278918918919,0.00291907060579883,0.00575915274427758,0.00157638004230317,0.0397036527576893,0.0608691337495527,-0.697340924675473,-1.95166690772542,0.387604506697082,0.545213346051097,0.964013392907884,0.000109401959782321,5.21848293759837,0,0,0,0,0,0,0,0,0,185,0,0
185,205,242,2020-05-03,"B08",185,0.5262,0.5757,0.5848,0.6015,0.6457,0.5848,0.585721081081081,0.00195671016817765,0.00386047282050319,0.000708312216216217,0.0266141356466111,0.0454382410096777,-0.28951954071997,-0.810286169603464,-0.205220309993201,-0.28866757211489,0.971020098633672,0.000687168379618908,5.21932355300728,0,0,0,0,0,0,0,0,0,185,0,0
185,205,242,2020-05-08,"B04",185,0.0536,0.062,0.0669,0.0759,0.0934,0.0669,0.0696297297297297,0.00070216147918143,0.00138532284958112,9.1210687426557e-05,0.00955042865145628,0.137160214301084,0.742760343779001,2.07878346448525,-0.50458936113739,-0.709766912443314,0.919822917118383,1.58155744253214e-08,5.2112534016268,0,0,0,0,185,0,0,0,0,0,0,0
185,205,242,2020-05-08,"B08",185,0.2246,0.2433,0.2555,0.2642,0.2904,0.2555,0.256721621621622,0.00111876623219537,0.00220725925695444,0.000231553008225617,0.0152168659133744,0.0592737994456983,0.440009861073132,1.23146749967232,-0.681735191601123,-0.958944280862335,0.957546388964096,2.30070056711759e-05,5.2186215857724,0,0,0,0,185,0,0,0,0,0,0,0
185,205,242,2020-05-13,"B04",185,0.1444,0.155,0.1584,0.1604,0.1656,0.1584,0.15752972972973,0.000306360620515718,0.000604431288807021,1.73635135135135e-05,0.00416695494498243,0.0264518637347476,-0.948388024715355,-2.65427921698618,0.818782112673218,1.15171760808815,0.937118009803773,3.25710708344236e-07,5.22000477875123,0,0,0,0,0,0,0,0,0,0,185,0
185,205,242,2020-05-13,"B08",185,0.1549,0.1599,0.1621,0.1655,0.171,0.1621,0.162821081081081,0.000280052023441782,0.000552525991026466,1.45093901292597e-05,0.00380911933775508,0.0233945095589817,0.234188503319822,0.655429698625168,-0.503604223369373,-0.708381195173411,0.977340219300519,0.00419213978582095,5.22008409053301,0,0,0,0,0,0,0,0,0,0,185,0
185,205,242,2020-05-18,"B04",185,0.0413,0.0482,0.0525,0.0615,0.0786,0.0525,0.0551902702702703,0.000641837076019259,0.00126630638888704,7.62116439482961e-05,0.00872992806088894,0.158178751764359,0.795184852331798,2.22550535456202,-0.385665303283266,-0.542485618267615,0.916368235365765,9.0713238847368e-09,5.20831792188602,0,0,0,0,185,0,0,0,0,0,0,0
185,205,242,2020-05-18,"B08",185,0.1986,0.2202,0.2357,0.2452,0.2779,0.2357,0.235635135135135,0.00133763609322901,0.00263907647929483,0.000331015008813161,0.0181938178734745,0.0772118209919777,0.487661317314435,1.3648309191423,-0.611575536348564,-0.860256108415636,0.955835833287173,1.55314916614425e-05,5.21742174029006,0,0,0,0,185,0,0,0,0,0,0,0
185,205,242,2020-05-23,"B04",185,0.462,0.5116,0.5348,0.5552,0.6168,0.5348,0.53524972972973,0.00248269227706763,0.00489820424770367,0.00114029577438308,0.0337682657888006,0.063088804931955,0.211878874666436,0.592991137477019,-0.329854436150956,-0.463980778696695,0.987750970957901,0.110018969479197,5.21838188105895,0,0,0,0,0,0,0,0,0,185,0,0
185,205,242,2020-05-23,"B08",185,0.4874,0.5228,0.5364,0.553,0.6092,0.5364,0.538821081081081,0.0019410517200173,0.00382957963329674,0.000697021129259695,0.0264011577257456,0.0489980044447681,0.49501159703664,1.38540234581288,-0.0430161310773065,-0.0605074718007849,0.972676576832038,0.00108799152198082,5.21917023650998,0,0,0,0,0,0,0,0,0,185,0,0
185,205,242,2020-05-28,"B04",185,0.6976,0.7352,0.7612,0.8156,0.8528,0.7612,0.773606486486486,0.0032515854951037,0.00641518485033526,0.00195596952291422,0.0442263442182849,0.0571690452327372,0.335735740727,0.939632698629445,-1.32855702096279,-1.86877862951394,0.913900768097313,6.1513820115395e-09,5.21873950516229,0,0,0,0,0,0,0,0,0,185,0,0
185,205,242,2020-05-28,"B08",185,0.5207,0.5556,0.5815,0.6118,0.65,0.5815,0.582241081081081,0.00248657480939542,0.00490586425314031,0.00114386504230317,0.0338210739377562,0.0580877492789733,0.109747037869968,0.307152003349557,-1.09367673540256,-1.53839065878838,0.958698720569153,3.01114154025679e-05,5.2186796425149,0,0,0,0,0,0,0,0,0,185,0,0
185,205,242,2020-06-02,"B04",185,0.039,0.0433,0.0467,0.0513,0.0641,0.0467,0.0477243243243243,0.000410276358544039,0.000809450861355407,3.1140437720329e-05,0.00558036179116812,0.116929089519323,0.680831685075828,1.90546205231222,-0.218841435173337,-0.307827357690466,0.950791040509647,5.08772563172915e-06,5.21369864925733,0,0,0,0,185,0,0,0,0,0,0,0
185,205,242,2020-06-02,"B08",185,0.1947,0.2077,0.221,0.2315,0.259,0.221,0.222690810810811,0.00115955888299176,0.00228774073154216,0.000248746708578143,0.0157717059501546,0.0708233352455376,0.582581906638226,1.63048773991651,-0.547055699756348,-0.769501033623373,0.94201762358179,8.36384727630829e-07,5.21789101227549,0,0,0,0,185,0,0,0,0,0,0,0
185,205,242,2020-06-07,"B04",185,0.5208,0.544,0.548,0.5512,0.56,0.548,0.546378378378378,0.000561630409266811,0.00110806340428122,5.8354312573443e-05,0.00763899944845155,0.0139811525322867,-1.10780331296961,-3.10043909612439,1.1442579781655,1.60953938935708,0.916872435506935,9.8292054029254e-09,5.22025809901905,0,0,0,0,0,0,0,0,0,185,0,0
185,205,242,2020-06-07,"B08",185,0.4218,0.4381,0.4446,0.4475,0.4554,0.4446,0.442697297297297,0.000501292355922182,0.00098902001258875,4.64893948296122e-05,0.00681831319533008,0.0154017502183917,-0.916794653877274,-2.56585799547695,0.165430910068038,0.232698894001668,0.908130302037416,2.54588657778867e-09,5.22023728587085,0,0,0,0,0,0,0,0,0,185,0,0
185,205,242,2020-06-12,"B04",185,0.028,0.032,0.0344,0.0375,0.0457,0.0344,0.0348897297297297,0.00028415306396874,0.000560617100148084,1.49374482961222e-05,0.00386489951953763,0.110774705034311,0.508218138644266,1.42236385102368,-0.357751213961037,-0.503221023098096,0.96787694831565,0.000295215375786999,5.21433774651922,0,0,0,0,185,0,0,0,0,0,0,0
185,205,242,2020-06-12,"B08",185,0.173,0.18,0.1915,0.1996,0.229,0.1915,0.193163243243243,0.000970102573320494,0.00191395469718025,0.000174103315511163,0.0131948215414671,0.0683091737326616,0.734904741502719,2.0567977779145,-0.074771112308321,-0.105174753196152,0.928547275458027,6.89044147779651e-08,5.21806943359263,0,0,0,0,185,0,0,0,0,0,0,0
185,205,242,2020-06-17,"B04",185,0.273,0.2932,0.3032,0.3106,0.3352,0.3032,0.30280972972973,0.00100010608260013,0.00197314983705199,0.000185039252643948,0.0136029133880926,0.0449223127679343,0.0958711627178534,0.268317216243503,-0.534153503053555,-0.751352509253308,0.98717271975007,0.091407050313635,5.21935288720546,0,0,0,0,0,0,0,0,4,181,0,0
185,205,242,2020-06-17,"B08",185,0.3211,0.3296,0.3396,0.3455,0.3607,0.3396,0.339079459459459,0.000730068529089187,0.00144038179976262,9.86050105757932e-05,0.00993000556776245,0.0292851875592591,0.069118340145616,0.193443368094144,-0.739716425793654,-1.040502008278,0.972540658831512,0.00104733546991093,5.21992948328191,0,0,0,0,0,0,0,0,4,181,0,0
185,205,242,2020-06-22,"B04",185,0.0896,0.097,0.0987,0.1006,0.1054,0.0987,0.0987232432432432,0.000216038065560842,0.000426230258244355,8.63440246768507e-06,0.00293843537749005,0.0297643724107611,-0.1182216301979,-0.330870074120445,0.0882151386232413,0.124085427465699,0.992190949877076,0.422789536731787,5.21991453684496,0,0,0,0,185,0,0,0,0,0,0,0
185,205,242,2020-06-22,"B08",185,0.3413,0.3778,0.3846,0.3885,0.393,0.3846,0.380970810810811,0.000841125693221441,0.00165949098140193,0.000130886099882491,0.0114405463104911,0.0300299812632429,-1.67762349115961,-4.69521024145072,2.22652554837132,3.13188165596971,0.7960804034604,8.50064415285589e-15,5.21989941775343,0,0,0,0,185,0,0,0,0,0,0,0
185,205,242,2020-06-27,"B04",185,0.0282,0.03,0.031,0.0324,0.0446,0.031,0.0316978378378378,0.000212826036268411,0.000419893115429977,8.37956051703878e-06,0.00289474705579586,0.0913231707034726,2.09731297732574,5.86980655824069,5.02625792396018,7.07004911833961,0.788059039984933,4.24954705875218e-15,5.21643546658689,0,0,0,179,6,0,0,0,0,0,0,0
185,205,242,2020-06-27,"B08",185,0.0668,0.0743,0.0765,0.0778,0.084,0.0765,0.0762416216216216,0.00024202251460717,0.000477496031239506,1.08363560517039e-05,0.00329186209487941,0.0431767061726014,-0.0221640935727551,-0.0620312481815213,0.69242652437359,0.973982953565844,0.96703364490628,0.000236711144187162,5.21942736943487,0,0,0,179,6,0,0,0,0,0,0,0
185,205,242,2020-07-02,"B04",185,0.0767,0.0853,0.0877,0.0904,0.102,0.0877,0.0880940540540541,0.000312041130056015,0.000615638596380503,1.80133883666275e-05,0.00424421822796937,0.0481782598558257,0.472745181050455,1.32308472512525,0.458901182449073,0.645500877484373,0.982603825138492,0.0211587595289683,5.21920882637065,0,0,0,0,185,0,0,0,0,0,0,0
185,205,242,2020-07-02,"B08",185,0.3102,0.3322,0.3448,0.3534,0.3705,0.3448,0.342784324324324,0.00106605575322942,0.00210326461599375,0.000210247850763807,0.0144999258882177,0.0423004345860889,-0.355803749889381,-0.995797578676282,-0.706933448453482,-0.994388724091852,0.96708999962013,0.000240212868641279,5.21946088443167,0,0,0,0,185,0,0,0,0,0,0,0
185,205,242,2020-07-07,"B04",185,0.2898,0.3892,0.4708,0.608,0.748,0.4708,0.498806486486487,0.00944154106985107,0.0186275991593434,0.0164913990881316,0.128418842418594,0.257452230269008,0.196333479620362,0.549483819886184,-1.31115118786927,-1.84429518740282,0.935172377273921,2.26585400784496e-07,5.18734649287744,0,0,0,0,0,0,0,0,0,185,0,0
185,205,242,2020-07-07,"B08",185,0.2338,0.3043,0.3558,0.489,0.5873,0.3558,0.39269027027027,0.00768005123108296,0.0151522844414309,0.0109118895787309,0.104459990325152,0.266011149838924,0.416716118619259,1.16627467261222,-1.26631844833232,-1.78123243267929,0.903967833464104,1.3764146404091e-09,5.18581140805469,0,0,0,0,0,0,0,0,0,185,0,0
185,205,242,2020-07-12,"B04",185,0.0483,0.0538,0.0561,0.0593,0.0712,0.0561,0.0566454054054054,0.000309372711428803,0.000610373965086809,1.77066227967098e-05,0.00420792381070639,0.0742853507815983,0.722582571879217,2.02231138849636,0.666091580480761,0.936939620400737,0.966808211407406,0.000223230157278333,5.21765230337652,0,0,0,0,185,0,0,0,0,0,0,0
185,205,242,2020-07-12,"B08",185,0.2397,0.2554,0.2598,0.2679,0.2841,0.2598,0.261543783783784,0.000683970302424777,0.00134943273944415,8.65458443008226e-05,0.00930300189728147,0.035569577539538,0.366124487254482,1.02468250549765,-0.0307154453755025,-0.043205046533979,0.977952055844351,0.00503437253101304,5.21972900299473,0,0,0,0,185,0,0,0,0,0,0,0
185,205,242,2020-07-17,"B04",185,0.1454,0.1956,0.212,0.28,0.34,0.212,0.234725405405405,0.00393157265365668,0.00775675908374858,0.00285959375323149,0.0534751695016621,0.227820117764,0.441032187571377,1.23432871249508,-1.03528699923709,-1.45625832317367,0.922654319034251,2.52183073208452e-08,5.19500215995488,0,0,0,0,0,0,0,0,117,68,0,0
185,205,242,2020-07-17,"B08",185,0.2245,0.251,0.2698,0.316,0.3575,0.2698,0.282024864864865,0.00289126782914686,0.00570429951902992,0.00154649448707403,0.0393254941109966,0.139439811911052,0.565593834363212,1.58294276254318,-1.10709522577143,-1.55726541361336,0.89192205979288,2.54162728899076e-10,5.21088702500589,0,0,0,0,0,0,0,0,117,68,0,0
185,205,242,2020-07-22,"B04",185,0.0377,0.0415,0.0432,0.0462,0.0593,0.0432,0.0440540540540541,0.000288287798667818,0.000568774685867918,1.53753231492362e-05,0.00392113799160858,0.089007426803385,1.16466329426165,3.25957466372816,1.70526897353369,2.39867026031258,0.922659437799901,2.52398224324721e-08,5.21653126604901,0,0,0,0,185,0,0,0,0,0,0,0
185,205,242,2020-07-22,"B08",185,0.2288,0.2401,0.2451,0.2522,0.2709,0.2451,0.246452972972973,0.000686675279608839,0.00135476949859683,8.72317438307873e-05,0.00933979356467729,0.0378968589910316,0.73299985225027,2.0514665128398,0.205380778094451,0.288893290208734,0.95142061477568,5.8286269210964e-06,5.21964773822386,0,0,0,0,185,0,0,0,0,0,0,0
185,205,242,2020-07-27,"B04",185,0.0393,0.0433,0.0453,0.0485,0.0612,0.0453,0.0462172972972973,0.000297698015381664,0.000587340483935335,1.63954600470035e-05,0.00404913077672277,0.0876107218186372,1.08517849418429,3.03711840382866,1.26255187491606,1.77593428454131,0.927586088552367,5.82930419974695e-08,5.2166417675449,0,0,0,0,185,0,0,0,0,0,0,0
185,205,242,2020-07-27,"B08",185,0.2352,0.2522,0.2592,0.2666,0.2841,0.2592,0.259194594594595,0.000726302763931188,0.00143295216900929,9.75904054054054e-05,0.0098787856240231,0.0381133936819727,0.297584639227523,0.832858178943174,-0.135840871222054,-0.191076869979102,0.982851752871527,0.0228861384905364,5.21963568679624,0,0,0,0,185,0,0,0,0,0,0,0
185,205,242,2020-08-01,"B04",185,0.0444,0.0499,0.0519,0.056,0.063,0.0519,0.0526681081081081,0.000278682577110402,0.000549824154838661,1.43678360752056e-05,0.00379049285386553,0.0719694135601957,0.261649604506781,0.732285825291229,-0.649397953400398,-0.913457983523571,0.975447753206266,0.00240106399603722,5.21779113194866,0,0,0,0,185,0,0,0,0,0,0,0
185,205,242,2020-08-01,"B08",185,0.2555,0.2757,0.2857,0.2917,0.3023,0.2857,0.283922702702703,0.00077631440883102,0.00153162217082375,0.000111492851351351,0.0105590175372215,0.0371897612861129,-0.385640028034561,-1.07930117733965,-0.678438819173886,-0.95430752816769,0.96224696972578,7.05954619269506e-05,5.21966433848703,0,0,0,0,185,0,0,0,0,0,0,0
185,205,242,2020-08-06,"B04",185,0.0343,0.039,0.0407,0.0437,0.0546,0.0407,0.0414318918918919,0.000251521915013417,0.00049623778342938,1.1703705640423e-05,0.00342106790935565,0.0825708832771197,0.870076745133796,2.43510732063994,0.93319602677244,1.31265483111582,0.949218234083905,3.63692640070575e-06,5.21703315996132,0,0,0,0,185,0,0,0,0,0,0,0
185,205,242,2020-08-06,"B08",185,0.2225,0.2359,0.2444,0.2492,0.2629,0.2444,0.243075675675676,0.000690150627740098,0.00136162615382391,8.81169594594595e-05,0.0093870634097922,0.0386178641021939,-0.00343802152229485,-0.00962208382683585,-0.719057197202358,-1.01144226580215,0.980233568054036,0.010086322762288,5.21961373046329,0,0,0,0,185,0,0,0,0,0,0,0
185,205,242,2020-08-11,"B04",185,0.8976,0.916,0.9296,0.9456,0.972,0.9296,0.930183783783784,0.00134963971507139,0.00266275891148317,0.000336982561692127,0.0183570847819616,0.0197349008894662,0.0249174418564964,0.0697371184964196,-1.11398925342318,-1.56696271026197,0.963894818758699,0.000106199802440282,5.2201621526449,0,0,0,0,0,0,0,0,185,0,0,0
185,205,242,2020-08-11,"B08",185,0.1103,0.1165,0.1188,0.1236,0.1276,0.1188,0.119818918918919,0.000318667345855278,0.000628711726173489,1.87865423031727e-05,0.00433434450674756,0.0361741246361987,0.0337191532012619,0.0943707061077081,-0.955488136189606,-1.34401142103125,0.957358660613838,2.20276452869383e-05,5.21970505052711,0,0,0,0,0,0,0,0,185,0,0,0
185,205,242,2020-08-16,"B04",185,0.0354,0.0407,0.042,0.0441,0.0578,0.042,0.0428972972972973,0.000259652022892233,0.000512278002877495,1.24725470035253e-05,0.0035316493319022,0.0823280149195952,1.40315832050161,3.92705714453371,2.92369560754712,4.11253697385779,0.894483783004325,3.60208843246421e-10,5.21709587325337,0,0,0,0,185,0,0,0,0,0,0,0
185,205,242,2020-08-16,"B08",185,0.2267,0.2428,0.2491,0.2524,0.2685,0.2491,0.248244864864865,0.000676871944541457,0.00133542810139176,8.47587914218566e-05,0.00920645379187104,0.0370861801990655,0.0932818427085907,0.261070416297062,-0.379409091433464,-0.533685487883938,0.983290446214564,0.0263057775755074,5.21967223079845,0,0,0,0,185,0,0,0,0,0,0,0
185,205,242,2020-08-21,"B04",185,0.0333,0.0378,0.0391,0.0414,0.0549,0.0391,0.0398189189189189,0.000248420615305588,0.000490119103501704,1.14168683901293e-05,0.00337888567284086,0.084856288532622,1.20610647558749,3.37556281626939,2.43169325461414,3.42047523444865,0.922578045339075,2.48999796200625e-08,5.21687731941496,0,0,0,0,185,0,0,0,0,0,0,0
185,205,242,2020-08-21,"B08",185,0.2301,0.2461,0.2525,0.2581,0.273,0.2525,0.251955675675676,0.000655642519527131,0.00129354370808938,7.95254159811986e-05,0.00891770239362127,0.035393933356359,0.317676067263907,0.889088602026124,-0.0648052289673893,-0.0911565142211586,0.980690841190288,0.011619540465158,5.21973481496321,0,0,0,0,185,0,0,0,0,0,0,0
185,205,242,2020-08-26,"B04",185,0.0368,0.0424,0.0444,0.0462,0.0562,0.0444,0.0447324324324324,0.000232984103327274,0.000459663783186611,1.00420945945946e-05,0.00316892641041009,0.0708418084618292,0.78202972717226,2.1886877499552,1.25518579984272,1.76557299521519,0.962076536088743,6.77077325152957e-05,5.21789812651374,0,0,0,0,185,0,0,0,0,0,0,0
185,205,242,2020-08-26,"B08",185,0.2352,0.2531,0.2605,0.2644,0.2843,0.2605,0.259841081081081,0.000646865982115739,0.00127622812160865,7.74105857814336e-05,0.00879832857885142,0.0338604216940815,-0.0492544075884974,-0.137849642762363,0.485656264753133,0.683135186928223,0.976853879052041,0.0036280444412222,5.21978495925079,0,0,0,0,185,0,0,0,0,0,0,0
185,205,242,2020-08-31,"B04",185,0.038,0.0683,0.1044,0.1582,0.223,0.1044,0.114215675675676,0.00365691168489324,0.00721486932306325,0.00247400556815511,0.0497393764351254,0.43548642636729,0.328049210908892,0.918120199720495,-1.10876005919529,-1.55960720630658,0.944370884608602,1.3366145757686e-06,5.12513613920992,0,0,0,0,0,0,0,106,79,0,0,0
185,205,242,2020-08-31,"B08",185,0.1051,0.1416,0.1806,0.2137,0.2816,0.1806,0.183501621621622,0.00327812905888694,0.00646755372346271,0.00198803407344301,0.0445873757182794,0.242980826677478,0.175590516420578,0.491429927718556,-0.961531948693728,-1.35251278564735,0.961883310301826,6.45832122945428e-05,5.19083140942415,0,0,0,0,0,0,0,106,79,0,0,0
185,205,242,2020-09-05,"B04",185,0.5092,0.5192,0.5304,0.5348,0.5436,0.5304,0.527589189189189,0.000674751518401948,0.00133124462669398,8.42285781433608e-05,0.00917761287826856,0.0173953770591337,-0.331933867310658,-0.928992292665189,-1.16324998379829,-1.63625397796575,0.938014848748986,3.85848276053383e-07,5.22020503802141,0,0,0,0,0,0,0,0,0,185,0,0
185,205,242,2020-09-05,"B08",185,0.289,0.2921,0.2947,0.2975,0.302,0.2947,0.294726486486486,0.000244229538460053,0.00048185035807688,1.1034892479436e-05,0.00332188086472648,0.0112710632299374,0.304569550270261,0.852407038407949,-1.05201320259643,-1.47978578258839,0.951268807061671,5.64018138995595e-06,5.22029272006224,0,0,0,0,0,0,0,0,0,185,0,0
185,205,242,2020-09-10,"B04",185,0.7236,0.7608,0.7696,0.7748,0.786,0.7696,0.766787027027027,0.000915329188035425,0.00180589006470742,0.000154998091656874,0.0124498229568486,0.0162363505354529,-1.10810998976274,-3.10129740076039,1.29915932477515,1.82742715906475,0.921153467692695,1.96678329619767e-08,5.22022391203733,0,0,0,0,0,0,0,0,0,185,0,0
185,205,242,2020-09-10,"B08",185,0.5135,0.5369,0.5487,0.5553,0.5624,0.5487,0.546436756756757,0.000842273761742325,0.00166175605233223,0.00013124364159812,0.0114561617306199,0.0209652106835111,-0.607304243862629,-1.69967881380186,-0.516079316051205,-0.7259289452791,0.935392322150831,2.35999211203585e-07,5.22013626945238,0,0,0,0,0,0,0,0,0,185,0,0
185,205,242,2020-09-15,"B04",185,0.0467,0.0529,0.0547,0.0563,0.0619,0.0547,0.0543924324324324,0.00019832060814135,0.000391274768193382,7.27624676850764e-06,0.00269745190290905,0.0495924117065345,-0.378672528526878,-1.05980104800898,0.168040505904871,0.236369611068827,0.984504632785128,0.0387645311411262,5.21912343066768,0,0,0,0,185,0,0,0,0,0,0,0
185,205,242,2020-09-15,"B08",185,0.2425,0.2669,0.2735,0.2763,0.2823,0.2735,0.270981081081081,0.00057815256911834,0.00114066064330014,6.18381727379554e-05,0.00786372511841273,0.0290194617537148,-1.2229140858307,-3.42260272967314,1.17246108748814,1.64921052665595,0.886522159611301,1.23980902372198e-10,5.2199317971146,0,0,0,0,185,0,0,0,0,0,0,0
185,205,242,2020-09-20,"B04",185,0.0671,0.0728,0.0753,0.0774,0.0839,0.0753,0.0751427027027027,0.000256148404161388,0.000505365571438337,1.21382209165687e-05,0.00348399496506076,0.0463650473000015,0.0473707463758154,0.132577789176733,-0.361690655014053,-0.508762330799568,0.993381625893503,0.573138928940825,5.21928654951659,0,0,0,0,185,0,0,0,0,0,0,0
185,205,242,2020-09-20,"B08",185,0.2747,0.3158,0.3192,0.3228,0.3309,0.3192,0.317272432432432,0.000712461873666157,0.00140564491546265,9.39063554641598e-05,0.00969052916326863,0.0305432435114966,-2.43267757518826,-6.80840052929656,6.13699239645221,8.63243357945466,0.702395407551113,6.8363244838867e-18,5.21987963918549,0,0,0,0,185,0,0,0,0,0,0,0
185,205,242,2020-09-25,"B04",185,0.6552,0.6668,0.6744,0.6796,0.688,0.6744,0.673444324324324,0.00055455798927672,0.00109410994014996,5.68938942420682e-05,0.00754280413653093,0.0112003381186689,-0.204241284820484,-0.571615608191882,-0.975416560872624,-1.37204319804938,0.967746099593004,0.000285224824420857,5.22029338984662,0,0,0,0,0,0,0,0,185,0,0,0
185,205,242,2020-09-25,"B08",185,0.2094,0.2221,0.2257,0.2312,0.2479,0.2257,0.227134054054054,0.000580584703136791,0.00114545909910966,6.23595405405406e-05,0.00789680571753798,0.0347671587619295,0.369267989361147,1.03348030986973,-0.19589727277022,-0.275553575162133,0.979075126612922,0.00707083452022181,5.21975696421748,0,0,0,0,0,0,0,0,185,0,0,0
185,205,242,2020-09-30,"B04",185,0.0597,0.0703,0.0845,0.1023,0.1588,0.0845,0.0883210810810811,0.00146631174939357,0.00289294589816044,0.000397762977085781,0.0199439960159889,0.225812408225391,0.753456622030006,2.10871942774171,0.290376374115828,0.408450035565769,0.93222776914835,1.32378344026568e-07,5.19587575136392,0,0,0,0,108,40,0,37,0,0,0,0
185,205,242,2020-09-30,"B08",185,0.1561,0.1945,0.2288,0.3271,0.3608,0.2288,0.249688648648649,0.00483061575729825,0.00953051767227858,0.00431694699001175,0.0657034777619248,0.263141629054911,0.426555121350841,1.19381135568468,-1.43575718174568,-2.01956882247558,0.863866667240217,7.62981349599948e-12,5.18664306560369,0,0,0,0,108,40,0,37,0,0,0,0
185,205,242,2020-10-10,"B04",185,0.6224,0.6324,0.6368,0.6432,0.7036,0.6368,0.642748108108108,0.00132563070413436,0.00261539056042284,0.000325099901292597,0.0180305269277577,0.0280522442622656,1.83689129063317,5.1409573397491,2.41442990540912,3.39619221342725,0.731201933142651,5.00991116694291e-17,5.21997097868374,0,0,0,0,0,0,0,0,0,161,0,24
185,205,242,2020-10-10,"B08",185,0.278,0.2841,0.2895,0.3039,0.3449,0.2895,0.294740540540541,0.00100852631178432,0.00198976244858569,0.000188168184488837,0.0137174408870181,0.0465407332898996,1.2688067363699,3.55104373205205,1.64157426253578,2.30907582601447,0.886188297196685,1.18686195641902e-10,5.21929829145755,0,0,0,0,0,0,0,0,0,161,0,24
185,205,242,2020-10-15,"B04",185,0.7956,0.8336,0.8496,0.8656,0.8848,0.8496,0.847608648648649,0.00157680590666022,0.00311094430072896,0.000459968620446533,0.0214468790374388,0.0253028081669905,-0.447812203765023,-1.25330412720366,-0.535204127181667,-0.752830341132022,0.96599012395512,0.000180697783396161,5.22003614462337,0,0,0,0,0,0,0,0,0,185,0,0
185,205,242,2020-10-15,"B08",185,0.6323,0.6727,0.6837,0.6912,0.7003,0.6837,0.678728108108108,0.00130865591830317,0.00258190031725811,0.000316827357814336,0.0177996448788827,0.0262250003591241,-1.16714783444073,-3.26652821352975,0.393236066101326,0.553134826047387,0.857392295780022,3.6440148093951e-12,5.22001016175225,0,0,0,0,0,0,0,0,0,185,0,0
185,205,242,2020-10-20,"B04",185,0.2778,0.2844,0.2916,0.3,0.3076,0.2916,0.292302702702703,0.000599190813745004,0.00118216784906479,6.6420481786134e-05,0.00814987618225786,0.0278816312914732,0.135760567313609,0.379956771823345,-1.38032903009769,-1.94160231924024,0.930486145364692,9.69463917786646e-08,5.21996964268857,0,0,0,0,0,0,0,0,0,185,0,0
185,205,242,2020-10-20,"B08",185,0.2574,0.2627,0.2654,0.2672,0.2683,0.2654,0.264892972972973,0.000193056683960041,0.000380889358764013,6.8951133960047e-06,0.00262585479339675,0.00991288958678669,-0.669209553134665,-1.87293487729041,-0.365716331433476,-0.51442493913572,0.928030025057348,6.29637347619472e-08,5.22030684718308,0,0,0,0,0,0,0,0,0,185,0,0
185,205,242,2020-10-25,"B04",185,0.0569,0.0658,0.0684,0.071,0.0792,0.0684,0.0684724324324324,0.000314725245543311,0.000620934196645844,1.8324616333725e-05,0.00428072614561187,0.0625175124286117,-0.0121091018877807,-0.0338900709830778,0.0535065846252007,0.0752635832020151,0.993999742168576,0.65875656303144,5.21840773482429,0,0,0,0,185,0,0,0,0,0,0,0
185,205,242,2020-10-25,"B08",185,0.2207,0.2352,0.239,0.2425,0.2449,0.239,0.238117297297297,0.000376150981350723,0.000742123521166384,2.61755687426557e-05,0.00511620647967375,0.0214860765586718,-0.824527064744718,-2.3076261980969,0.397724389386532,0.559448204024695,0.934623273905741,2.04760721033472e-07,5.22012482179345,0,0,0,0,185,0,0,0,0,0,0,0
185,205,242,2020-10-30,"B04",185,0.7692,0.7812,0.7856,0.7884,0.796,0.7856,0.784983783783784,0.000375388218607812,0.000740618635626671,2.60695182138661e-05,0.00510583178472089,0.00650437867660109,-0.352396904023198,-0.986262747001453,0.146951102546818,0.206704774947478,0.982941970226948,0.0235500795801821,5.22033476931696,0,0,0,0,0,0,0,0,0,185,0,0
185,205,242,2020-10-30,"B08",185,0.4172,0.4192,0.4201,0.4223,0.426,0.4201,0.420666486486486,0.000150548567634144,0.000297023372684049,4.19300117508811e-06,0.00204768190280817,0.00486770866847734,0.483437679562409,1.35301010992379,-0.550678255299142,-0.774596602933372,0.956980639991218,2.0185979465054e-05,5.22034405100287,0,0,0,0,0,0,0,0,0,185,0,0
185,205,242,2020-11-04,"B04",185,0.6504,0.6712,0.6928,0.7276,0.8036,0.6928,0.701483243243243,0.00265954966266254,0.00524713335396487,0.00130854281551116,0.0361737863032219,0.0515675700761942,0.696607287769592,1.94961365827335,-0.384487399879628,-0.540828752454844,0.936148182859626,2.71600114687143e-07,5.21904785524299,0,0,0,0,0,0,0,0,0,185,0,0
185,205,242,2020-11-04,"B08",185,0.4206,0.4403,0.4612,0.4928,0.5494,0.4612,0.470197297297297,0.00247633184529248,0.00488565549398738,0.00113446059048179,0.0336817545635881,0.0716332372754829,0.582656059350432,1.63069527311786,-0.719791343528577,-1.01247493278123,0.934792876441778,2.11256286649321e-07,5.21783496636848,0,0,0,0,0,0,0,0,0,185,0,0
185,205,242,2020-11-09,"B04",185,0.6024,0.6324,0.6456,0.6532,0.7032,0.6456,0.643617297297297,0.0013402591152987,0.00264425154587971,0.000332314481786134,0.0182294948307992,0.0283235004828944,0.156218068824207,0.437211734640217,0.328486709207176,0.462056902759708,0.985295145355725,0.049964046591258,5.21995729852549,0,0,0,0,0,0,0,0,0,185,0,0
185,205,242,2020-11-09,"B08",185,0.4706,0.4941,0.5048,0.5116,0.5522,0.5048,0.503957837837838,0.0012209894556213,0.00240893959882518,0.000275800821386604,0.0166072520721101,0.0329536537091301,0.349574304289715,0.978363060781034,0.399231327952006,0.561567898206212,0.970288609205207,0.000562751988493706,5.21981754595177,0,0,0,0,0,0,0,0,0,185,0,0
185,205,242,2020-11-14,"B04",185,0.1214,0.1742,0.1846,0.1924,0.2308,0.1846,0.182632432432432,0.00128690828878928,0.00253899353728929,0.000306384594594595,0.0175038451374147,0.0958419318205733,-0.567108291282585,-1.58718131408681,0.997371257545915,1.40292517549794,0.972023133538373,0.000906526121850073,5.21567336798706,0,0,0,0,0,33,0,114,38,0,0,0
185,205,242,2020-11-14,"B08",185,0.2687,0.2948,0.3068,0.3184,0.3571,0.3068,0.307497837837838,0.00128681051079458,0.00253880062711938,0.000306338038777908,0.0175025152129032,0.0569191488823845,0.411097506226128,1.15054971013405,-0.253898415077722,-0.357139305786707,0.975111016994217,0.00217749612347692,5.21875499602134,0,0,0,0,0,33,0,114,38,0,0,0
185,205,242,2020-11-19,"B04",185,0.1994,0.2178,0.2254,0.2336,0.2522,0.2254,0.225847567567568,0.000853538659582587,0.00168398102598715,0.000134777725029377,0.0116093809063781,0.0514036127615362,0.0542882978230021,0.151938127519481,-0.431198013866879,-0.606532968241977,0.992470118284969,0.45567609190494,5.21904153289967,0,0,12,0,0,0,122,0,0,0,0,51
185,205,242,2020-11-19,"B08",185,0.0676,0.0786,0.082,0.0872,0.0982,0.082,0.0827735135135135,0.000541298006292488,0.00106794878212898,5.42056533490012e-05,0.00736244886902457,0.0889469173955336,0.230726770119782,0.645741252284469,-0.498895687955467,-0.701758061789614,0.976614397417563,0.00337994885378001,5.21643561739839,0,0,12,0,0,0,122,0,0,0,0,51
185,205,242,2020-11-24,"B04",185,0.484,0.5024,0.5248,0.5612,0.6076,0.5248,0.53144,0.00240126132151315,0.00473754581408474,0.00106672034782609,0.0326606850483282,0.0614569566617646,0.409240510421333,1.14535248574673,-1.20715667945835,-1.69801413823544,0.915876808819411,8.391313471454e-09,5.21849132295148,0,0,0,0,0,0,0,0,0,185,0,0
185,205,242,2020-11-24,"B08",185,0.4291,0.4442,0.4672,0.499,0.5603,0.4672,0.472767567567568,0.00232957739270365,0.00459611768469872,0.00100398220329025,0.0316856782046755,0.0670216833352195,0.582776699388501,1.63103291165551,-0.752574512551369,-1.05858848659252,0.921316842778209,2.0204481745976e-08,5.21814767168938,0,0,0,0,0,0,0,0,0,185,0,0
185,205,242,2020-11-29,"B04",185,0.1466,0.204,0.2274,0.2802,0.3454,0.2274,0.237979459459459,0.00352022376850047,0.00694519219115724,0.0022925154453584,0.0478802197714088,0.2011947580693,0.284161307130045,0.795289936324619,-0.862868165261036,-1.21373005590619,0.964848622403996,0.000135034666688849,5.20032422819445,0,0,0,0,0,0,0,0,120,65,0,0
185,205,242,2020-11-29,"B08",185,0.1694,0.2262,0.246,0.2842,0.3507,0.246,0.253307027027027,0.00308675376270359,0.00608998164281081,0.00176268902643948,0.041984390271141,0.165745067414421,0.428844301723146,1.20021814671092,-0.36194948895583,-0.509126412529863,0.962979536526675,8.45616174177596e-05,5.20686271538485,0,0,0,0,0,0,0,0,120,65,0,0
185,205,242,2020-12-04,"B04",185,0.1304,0.1696,0.186,0.2086,0.2602,0.186,0.18935027027027,0.00207912589033844,0.00410199176178009,0.000799711426556992,0.0282791694813867,0.14934845057798,0.327351453118779,0.916167366120194,-0.40369939897192,-0.567852788884908,0.983008670267042,0.0240536319813642,5.20934133950466,0,0,51,0,0,0,0,14,115,5,0,0
185,205,242,2020-12-04,"B08",185,0.096,0.1211,0.1301,0.1432,0.1922,0.1301,0.133883243243243,0.00153008027690114,0.00301875741140859,0.000433111945945946,0.0208113417622686,0.155443961903865,0.860332523297454,2.40783590342264,0.546158646868134,0.768239218555908,0.938061035821743,3.8924452219936e-07,5.20872710845542,0,0,51,0,0,0,0,14,115,5,0,0
185,205,242,2020-12-09,"B04",185,0.4764,0.4872,0.4908,0.4952,0.5044,0.4908,0.49092972972973,0.000413443539927272,0.000815699521911488,3.16230787309048e-05,0.00562344011534797,0.0114546742126288,-0.0654382730399745,-0.183143864746291,-0.561978025152201,-0.790491117121795,0.989947684632872,0.21962037674971,5.22029055502267,0,0,0,0,0,0,0,0,0,0,185,0
185,205,242,2020-12-09,"B08",185,0.1867,0.1925,0.1956,0.1963,0.1985,0.1956,0.19432,0.000215252427444069,0.000424680240952127,8.57171739130436e-06,0.00292774954381422,0.0150666403036961,-0.971830269872731,-2.71988766257932,0.1093720282005,0.153845191243331,0.900840005053062,8.76670418824495e-10,5.22024236921825,0,0,0,0,0,0,0,0,0,0,185,0
185,205,242,2020-12-19,"B04",185,0.4744,0.5192,0.5412,0.5692,0.6348,0.5412,0.545042162162162,0.00277223958434657,0.00546946386917398,0.00142178277790834,0.0377065349496389,0.0691809506994074,0.244078849101969,0.683110076881987,-0.659289545828255,-0.927371723204571,0.979470278734409,0.00797730089336656,5.21798484205097,0,0,0,0,0,0,0,0,0,185,0,0
185,205,242,2020-12-19,"B08",185,0.3611,0.4012,0.4221,0.4551,0.4933,0.4221,0.425305945945946,0.00255501432901818,0.00504089135610572,0.00120769817097532,0.0347519520455373,0.0817104777791046,0.25902978665422,0.724953670205836,-0.960915432546336,-1.35164557996268,0.950630045094589,4.91460714859059e-06,5.21705169284028,0,0,0,0,0,0,0,0,0,185,0,0
185,205,242,2020-12-24,"B04",185,0.0357,0.0577,0.087,0.1376,0.1936,0.087,0.0963821621621622,0.00314065636750919,0.00619632827717217,0.00182478864747356,0.0427175449607484,0.443210071266885,0.47265950194754,1.32284493270245,-1.08897223669573,-1.53177320352889,0.914714509667561,6.98672182331814e-09,5.12420626690308,0,0,76,14,0,0,0,63,32,0,0,0
185,205,242,2020-12-24,"B08",185,0.0647,0.1012,0.1233,0.195,0.2563,0.1233,0.144926486486486,0.00386103421381388,0.00761759093598582,0.00275790326204465,0.052515742992408,0.362361251318301,0.507102551059566,1.41924162587572,-1.16147678198919,-1.63375975182838,0.895010365628478,3.87238203394392e-10,5.15678182443112,0,0,76,14,0,0,0,63,32,0,0,0
185,205,242,2020-12-29,"B04",185,0.4284,0.4864,0.5192,0.5392,0.5732,0.5192,0.51219027027027,0.00247553115101113,0.00488407577177766,0.0011337270787309,0.0336708639439339,0.065738976115588,-0.449049236848156,-1.25676624515298,-0.69100510761083,-0.971983556304029,0.964029173714773,0.000109835709806642,5.21818167845128,0,0,0,0,0,0,0,20,0,0,0,165
185,205,242,2020-12-29,"B08",185,0.0454,0.0491,0.0507,0.0519,0.0636,0.0507,0.0507464864864865,0.000222304999527254,0.000438594546343167,9.14260987074031e-06,0.00302367489501439,0.0595839259890354,1.0894267039612,3.04900798343786,3.49409430320696,4.91487279831436,0.920624563896832,1.80305274819238e-08,5.21862253734337,0,0,0,0,0,0,0,20,0,0,0,165
