"cwithin","chalf","call","date","band","count","MIN","P25","P50","P75","MAX","MEDIAN","MEAN","SE.MEAN","CI.MEAN.0.95","VAR","STD.DEV","COEF.VAR","SKEWNESS","SKEW.2SE","KURTOSIS","KURT.2SE","NORMTEST.W","NORMTEST.P","ENTROPY"
63,87,100,2020-01-02 05:17:47,"RVI",63,0.11692281014333,0.25823270726247,0.316482592556869,0.616493574788908,1.37707043609698,0.316482592556869,0.449533690113796,0.0347940472566513,0.0695523094283592,0.0762694206433791,0.276169188439585,0.61434592003477,1.19502393523277,1.98121558580876,0.892911390125546,0.750546750491899,0.867804709213003,6.88673900682431e-06,3.97625779975356
63,89,100,2020-01-04 16:58:50,"RVI",63,0.193499206972757,0.341988303001034,0.44569029988593,0.594168259168843,0.901512718845828,0.44569029988593,0.481310673170684,0.0216520688657328,0.0432818689474452,0.0295351614284856,0.17185796876632,0.357062451231734,0.478544101233577,0.793372420340797,-0.760183206394216,-0.638980577073241,0.952685169898702,0.0167287791958745,4.08135612780714
71,83,107,2020-01-05 16:51:24,"RVI",71,0.105725731549194,0.284693220102555,0.460190754364399,0.610998935009282,1.33365111157999,0.460190754364399,0.48556442020939,0.0317919674017876,0.063407079642345,0.0717617725806192,0.267883878911403,0.551695856949081,1.05325538437997,1.84908351253662,1.00257944055452,0.891163973651446,0.919748426011882,0.000231422613623863,4.12164843839808
64,89,101,2020-01-08 05:17:22,"RVI",64,0.0864177130748985,0.301247136374993,0.414780899067517,0.598143266861127,1.27724530574977,0.414780899067517,0.485429492212058,0.0343728723288664,0.068688704337663,0.0756156385367391,0.274982978630931,0.566473572460253,1.00948824709165,1.68626299256075,0.338994873904694,0.287044802210366,0.907902238019141,0.000161044826367891,4.01138097736497
67,86,101,2020-01-10 16:59:34,"RVI",67,0.0597533572795049,0.295304340233371,0.38491590741095,0.558518602386859,1.08538865708052,0.38491590741095,0.429362622153019,0.0244783865634069,0.0488726756458586,0.0401458243860878,0.200364229307748,0.466655034625583,0.837531518954836,1.43003387279391,0.569112319637195,0.492314885355714,0.949172931554831,0.00826267978386313,4.10074044087374
73,82,105,2020-01-11 16:50:43,"RVI",73,0.113932668024793,0.350296776917468,0.532369615356433,0.767639109974968,1.22170579770295,0.532369615356433,0.575316969058524,0.0310830428842079,0.0619629135306569,0.0705293555107298,0.265573634818537,0.461612726725469,0.570480629435417,1.01498455546825,-0.618693795749195,-0.557158178364803,0.94730373463686,0.00415381927119251,4.18681058556325
67,85,102,2020-01-14 05:17:47,"RVI",67,0.0874249472646172,0.28210539746238,0.366067412016477,0.50741415525621,1.01754695376333,0.366067412016477,0.420319653191068,0.0253148708553951,0.0505427704202547,0.0429364599904972,0.207211148325801,0.492984676668468,0.992766368513004,1.69508788936784,0.345095071095488,0.298527082442187,0.914401959519587,0.000209548692201406,4.09294270246091
65,87,102,2020-01-16 16:58:50,"RVI",65,0.0834266268400503,0.394446840241712,0.577629600477573,0.798882833945118,1.52447747334112,0.577629600477573,0.609670743334264,0.0392740750366495,0.0784589843466129,0.100259443048984,0.316637715771486,0.51935855415959,0.538989793380522,0.907036896962394,-0.242038722453835,-0.206434452103874,0.967672038983336,0.086900451358735,4.03888098701619
71,83,108,2020-01-17 16:51:23,"RVI",71,0.0698013377021694,0.228277029314248,0.463668564109311,0.846754689607671,1.53831756959023,0.463668564109311,0.572641647072704,0.0470353712070069,0.0938090899011884,0.157075156265246,0.396327082427187,0.692103140686986,0.729436546348981,1.2805907392437,-0.570642564758594,-0.507227731763235,0.908608122870303,7.70729195400397e-05,4.03163922865907
66,88,100,2020-01-20 05:17:22,"RVI",66,0.0295779670929543,0.22596397390635,0.364740261664044,0.668971953246177,1.45148378918872,0.364740261664044,0.47227825311289,0.040976582763313,0.0818358867929747,0.11081930210727,0.332895332059899,0.704871185293229,1.06778562570004,1.81009653467303,0.566046332459493,0.486233661516638,0.900457624603779,6.52598774312458e-05,3.96072481286401
72,83,103,2020-01-22 16:59:33,"RVI",72,0.0649354880213885,0.245838969359699,0.411196911405893,0.554966437501379,1.12926503377017,0.411196911405893,0.42443658653811,0.0271742656473249,0.0541839467635586,0.0531677313699394,0.230581290155857,0.543264406201591,0.709140200285563,1.25334936123187,0.134477191973572,0.120320042929105,0.956248546721248,0.0136357009529361,4.13162517442261
71,85,103,2020-01-23 16:50:43,"RVI",71,0.0390539829994545,0.208718476816089,0.335809651830029,0.495352682933621,1.00815384262261,0.335809651830029,0.371898045406713,0.0238082497732973,0.0474840569141821,0.0402451257660076,0.200611878426995,0.539427084666722,0.701030794424082,1.23072191509669,0.179026999696983,0.159131941058574,0.956365252625699,0.0148041075253808,4.11965615425907
70,83,106,2020-01-26 05:17:46,"RVI",70,0.12317742457687,0.323113144379632,0.480079451675793,0.615545587153137,1.28797839519809,0.480079451675793,0.526981193804938,0.034334706319511,0.0684958649511619,0.0825210440632947,0.287264763003218,0.545113879546806,0.920366479270999,1.60482125368766,0.22071909303141,0.194890242092561,0.917924546560611,0.000213847396077724,4.10942696947042
70,80,105,2020-01-28 16:58:49,"RVI",70,0.15540766871514,0.350429786444121,0.52572140358314,0.723527821219272,1.10508392173483,0.52572140358314,0.538811537568008,0.0264736898600283,0.0528135662072344,0.0490599378363474,0.221494780607461,0.41108024822038,0.303164673541883,0.528621068264742,-0.719476460973503,-0.635282338891591,0.973789334280867,0.149145029121721,4.16338742348503
67,87,102,2020-01-29 16:51:23,"RVI",67,0.0732020441316009,0.26429728109719,0.427593839910494,0.629229675539004,1.29967142079907,0.427593839910494,0.483183624854227,0.0342415239327345,0.0683654083348017,0.0785562914028138,0.280278952835945,0.580067159603149,0.840417710478833,1.43496186839679,-0.0419309971743345,-0.0362727239499809,0.927553581718725,0.000773013313047628,4.04573899434646
67,88,102,2020-02-01 05:17:21,"RVI",67,0.0401487539252614,0.265104022439996,0.393143902167304,0.546848217705396,1.09206423441777,0.393143902167304,0.412418704077246,0.0256862011598639,0.0512841552938359,0.0442053223116746,0.210250617862765,0.509798939243516,0.563761190516434,0.962587771754765,0.185747965230097,0.160682672034949,0.969747176698915,0.101750814160948,4.07288978093489
69,82,105,2020-02-03 16:59:33,"RVI",69,0.0618780666983547,0.265617145128649,0.385679504090316,0.586492447166295,0.918440143480523,0.385679504090316,0.437396562639061,0.0271238298031669,0.0541247596736105,0.0507634478801905,0.225307451896715,0.515110248094561,0.455840249578409,0.789370181137204,-0.85815392370366,-0.752640518895811,0.949279704203582,0.00717634722392813,4.10118958021624
64,90,100,2020-02-04 16:50:42,"RVI",64,0.0676685796972463,0.189945323850118,0.395162825573923,0.573573202007705,1.30480843237361,0.395162825573923,0.429355713450321,0.0350214673266446,0.0699848180173994,0.0784962031175192,0.280171738613157,0.652539910000696,0.928036211320048,1.55020439654828,0.559764708028515,0.473982240644622,0.923050372229222,0.000668137945174567,3.95653507437563
66,83,103,2020-02-07 05:17:46,"RVI",66,0.0458794226913336,0.238086560282772,0.364443626198966,0.557482813565529,1.18532486399508,0.364443626198966,0.414997140175014,0.0307750412692282,0.0614620015511039,0.062508808898098,0.250017617175466,0.602456241192477,1.15635095760736,1.96023135248584,0.997105968602658,0.856513783822562,0.897373199050146,4.97899487668548e-05,4.0243119588387
71,81,107,2020-02-09 16:58:49,"RVI",71,0.0650772832843205,0.370787901827318,0.509207058486439,0.635948666587282,1.22969284287874,0.509207058486439,0.5141613834203,0.0262565774601201,0.0523670925145583,0.0489479580542693,0.221241854209978,0.430296520400337,0.552007761684967,0.96909872578034,0.470914606448013,0.418582423454252,0.977240179766108,0.223991362312727,4.16952828792534
69,83,107,2020-02-10 16:51:23,"RVI",69,0.118707656111758,0.329445422922323,0.54114371281798,0.734462364839993,1.22143061070164,0.54114371281798,0.544442301320658,0.0317404030363604,0.0633369881301186,0.0695142697588311,0.263655589280468,0.484267274311561,0.350630239216074,0.607179940117519,-0.572668006017317,-0.502256219191676,0.971772908912731,0.120010604875802,4.11438859130179
66,85,103,2020-02-13 05:17:21,"RVI",66,0.0784656286092826,0.303635258636564,0.419310819864113,0.605266520449689,1.14244197888498,0.419310819864113,0.461376177979877,0.0264052727359196,0.0527349711623349,0.0460177362650478,0.214517449791498,0.464951291440223,0.61053474211868,1.03497068550815,0.22659692845114,0.19464670626959,0.969348346459271,0.101581902111011,4.0827777148633
68,83,103,2020-02-15 16:59:32,"RVI",68,0.0532295511549408,0.184577764009397,0.267500009190708,0.432727279154621,0.930428771978924,0.267500009190708,0.333910711755073,0.0261758505803517,0.0522472164320998,0.046591910445133,0.21585159356635,0.646435067721576,0.985381800802481,1.69446555866246,0.0594303507790928,0.0517681527851976,0.895562478851698,3.32254286450396e-05,4.0269300449195
64,88,101,2020-02-16 16:50:42,"RVI",64,0.0789025877590119,0.261955973439462,0.412892280753301,0.532586879235128,1.13767494055703,0.412892280753301,0.440884721416284,0.0299896640521876,0.0599295615320634,0.0575603167976367,0.239917312417501,0.54417243502292,0.972897303417641,1.62514097914641,0.717891593639947,0.607876597457922,0.923572561427626,0.000703183461651941,4.01915745161095
68,87,101,2020-02-19 05:17:46,"RVI",68,0.0900611862652762,0.217563889321539,0.401277376428862,0.548499671459911,1.14164717404871,0.401277376428862,0.429343273403019,0.0301520431619823,0.060183730042248,0.061821908065259,0.248640117570072,0.579117300707483,0.884072589173248,1.52025392846879,0.279947137793103,0.243854293489219,0.920430228763118,0.000339121272307202,4.06177527952964
67,85,100,2020-02-21 16:58:49,"RVI",67,0.104466831265211,0.289743392232523,0.489740605249425,0.783977910179503,0.986534374339911,0.489740605249425,0.514013415189466,0.0310787315037088,0.0620506895064773,0.0647144659759347,0.254390381060163,0.494910003402137,0.189773985844928,0.324027480508459,-1.29500309919661,-1.12025215465852,0.940337065392069,0.00302754159903186,4.07829538776559
68,87,101,2020-02-22 16:51:23,"RVI",68,0.0381071358879021,0.16085208208993,0.27247907913177,0.410634362075168,1.2282646762204,0.27247907913177,0.327625770012741,0.0276075869261756,0.055104974139126,0.0518281622002712,0.227657993930086,0.694872060647834,1.78770955445544,3.07415081793638,3.98483872805111,3.47108400663677,0.838294041104102,3.95039764937878e-07,4.01783291459463
67,83,104,2020-02-25 05:17:21,"RVI",67,0.051076602182456,0.22057349131852,0.390403593557434,0.577548993089728,1.13819990316088,0.390403593557434,0.436843258179417,0.0333362569354369,0.0665579844583455,0.074457503773186,0.27286902311033,0.624638283872197,0.707515597108486,1.20803963372954,-0.278422090889015,-0.240851120291871,0.934730570059782,0.00164315580963366,4.01402878293754
67,84,104,2020-02-27 16:59:32,"RVI",67,0.0625643719299018,0.229290297248945,0.400557495931659,0.547814244803584,0.789423772117032,0.400557495931659,0.410890841515331,0.0238416112707895,0.0476013127537507,0.0380843026751582,0.195151998901262,0.474948524482945,0.133598622144387,0.22811148082341,-1.08953896296341,-0.942513860855911,0.963236788106135,0.0450916415748293,4.08649410706275
68,84,103,2020-02-28 16:50:42,"RVI",68,0.0284895837949592,0.386063021166622,0.54275182123149,0.719253005860637,1.25141974197295,0.54275182123149,0.556752788731279,0.0347539957932362,0.0693692659390595,0.0821331352045471,0.28658879113557,0.514750526510418,0.367926239791141,0.632687087326512,-0.135143173725657,-0.117719521651679,0.972971177979286,0.145918695389727,4.07749190072859
70,80,106,2020-03-04 16:58:49,"RVI",70,0.088030457108753,0.299508317342694,0.441812924233759,0.591074720023896,0.838616541955713,0.441812924233759,0.442819370381937,0.0216091127532502,0.0431090004116318,0.0326867627787876,0.180794808495121,0.408281165160376,0.0856784178652209,0.149395430047983,-0.924249777001721,-0.816092800672333,0.978618961156979,0.275180316734528,4.16163417078125
72,81,108,2020-03-05 16:51:23,"RVI",72,0.0618087385465808,0.238900519359827,0.397489193030895,0.573172985075556,1.29938347786555,0.397489193030895,0.457359514317122,0.0343214785384971,0.0684350845064923,0.0848134000129334,0.291227402579039,0.636758159527667,0.96269020547806,1.70147899331363,0.307453736306278,0.27508640095902,0.91692799079691,0.000156572724059966,4.08591148645933
72,82,104,2020-03-08 05:17:21,"RVI",72,0.100463604357635,0.282673613766324,0.45925660759746,0.686261030584074,1.18218997787775,0.45925660759746,0.52522189974995,0.0340545417460328,0.067902827659524,0.0834992505743248,0.288962368785842,0.550171972881199,0.666247495119963,1.1775398885787,-0.530703185218203,-0.474833160113991,0.93085560789998,0.000676558398102745,4.1302015833834
73,83,104,2020-03-10 16:59:32,"RVI",73,0.0677456676354572,0.23567363730543,0.306419052812674,0.468908346743578,1.13211524830826,0.306419052812674,0.352608346225369,0.0212362740177444,0.0423337385460215,0.0329214913934409,0.181442804744197,0.514573199093332,1.17972506626942,2.09893668632929,2.88887496376445,2.6015459075125,0.923929724592187,0.000291350704291739,4.16610404067176
68,83,106,2020-03-11 16:50:42,"RVI",68,0.0516824679326957,0.19541213556187,0.334744198839407,0.517260581406682,1.15537405219903,0.334744198839407,0.387098741994391,0.0301259266380333,0.0601316012422676,0.0617148589944111,0.24842475519644,0.641760688542975,0.985981447435779,1.69549671284723,0.473636248489808,0.412571579251959,0.918707821574648,0.000285825369965757,4.02758671500197
66,84,103,2020-03-14 05:17:46,"RVI",66,0.0642370801136103,0.264272291878926,0.40185296078393,0.550921185705331,1.19672941283404,0.40185296078393,0.444978620180368,0.0333393151098897,0.0665832100457871,0.0733596555117704,0.270849876337004,0.608680651279869,1.12337755168743,1.90433525653222,0.886255734721357,0.761293459956339,0.898535018736708,5.51053568692929e-05,4.01947354910472
68,84,106,2020-03-16 16:58:49,"RVI",68,0.114491084920773,0.246380935677583,0.388128350388453,0.492997515693043,1.39993571252878,0.388128350388453,0.438040562893297,0.032371063748211,0.0646129136701147,0.0712562322369705,0.266938630094954,0.609392491717662,1.52696241267098,2.6257692353725,2.15376305908533,1.87608408236197,0.845792215333876,6.66650794913462e-07,4.06163186348465
66,85,103,2020-03-17 16:51:23,"RVI",66,0.0906864573040304,0.236115106465202,0.346035243115973,0.549425249709619,0.865570380931735,0.346035243115973,0.401033769163833,0.0248320807942897,0.049593089898529,0.0406977276138927,0.201736778039833,0.503041872160691,0.618183523878336,1.04793680251178,-0.665392566279364,-0.571572052136068,0.936040790083803,0.00207332076372009,4.06774976408685
65,87,100,2020-03-20 05:17:21,"RVI",65,0.0618009716758218,0.303302961653255,0.433583230192346,0.583116823269573,1.34296362491108,0.433583230192346,0.495237781718135,0.0381227228431995,0.0761588939271941,0.0944672298036611,0.307355217628823,0.620621505416068,1.15172192841252,1.93817080943,0.92360746543448,0.787743379047048,0.894563750725071,4.42732952276444e-05,3.99816701612709
64,88,100,2020-03-22 16:59:33,"RVI",64,0.107356703546836,0.260003612736502,0.484343793542024,0.732199742010871,1.24563702546116,0.484343793542024,0.513145650117867,0.0354950507447526,0.0709311989620701,0.0806335121518439,0.283960405958021,0.553371943994452,0.461823626693342,0.771436510555504,-0.532199653381026,-0.450641458030219,0.953827934096324,0.0177325521906196,4.00412689008648
68,83,104,2020-03-23 16:50:42,"RVI",68,0.0588039195458137,0.248033847180065,0.322904283576802,0.42216940648904,0.75276147050314,0.322904283576802,0.34115524647636,0.0177326531162016,0.0353945237589711,0.0213823950846883,0.146227203641075,0.428623640267561,0.667201738056817,1.14732214954275,0.499982356537993,0.435520953247806,0.964644673033043,0.0508027757400067,4.12908453535919
71,85,104,2020-03-28 16:58:49,"RVI",71,0.119559155195228,0.25952237442006,0.363613642208733,0.465113403277817,0.826335232625267,0.363613642208733,0.367648414891955,0.0181322536646095,0.0361636396287462,0.0233432822299998,0.152785085103225,0.415573898633905,0.492505352530163,0.864636953871978,-0.0308266418937819,-0.0274009136564765,0.968502551017015,0.0713366058930255,4.1771038699308
72,82,107,2020-03-29 16:51:23,"RVI",72,0.0369541859730065,0.157811892754586,0.231927045383915,0.448089397879398,0.902670077909662,0.231927045383915,0.309408151841669,0.0250000482122077,0.0498486803285525,0.0450001735641152,0.212132443450112,0.685607157366252,1.00433751109851,1.77508732051804,0.0252455121193722,0.0225877790678962,0.880065522622579,5.31222033616838e-06,4.0628118090041
69,84,104,2020-04-01 05:17:21,"RVI",69,0.0422632831081549,0.214051965776869,0.328303617166687,0.437579846516339,0.810547901653558,0.328303617166687,0.340336695249913,0.0216467785334667,0.0431954740290752,0.0323322284405098,0.179811647121397,0.528334586399387,0.605070432435618,1.04778934570655,-0.107985585709123,-0.0947083326387591,0.962700561033864,0.0374974514840467,4.09481289497266
66,87,101,2020-04-03 16:59:33,"RVI",66,0.0670004491229616,0.257833707955937,0.377715021025397,0.543387477873573,0.958085962614709,0.377715021025397,0.412102050187909,0.025496869498964,0.0509207646217049,0.0429059633803154,0.207137547007575,0.502636536054905,0.645797972241407,1.09474846216129,-0.292643694057745,-0.251380861815998,0.953100460459885,0.0141033634050649,4.06694193948186
69,83,102,2020-04-04 16:50:42,"RVI",69,0.0463191426938541,0.189685054172258,0.315683069094454,0.432327369350606,0.75752272250789,0.315683069094454,0.312172957517572,0.0184158902697095,0.0367483368778264,0.0234010059953926,0.152973873571249,0.490029228629256,0.28652556349868,0.496171051522049,-0.362970536256823,-0.318341879243756,0.977232614518594,0.239511377528877,4.10863766945774
70,80,106,2020-04-07 05:17:46,"RVI",70,0.0797933696600774,0.24474026078738,0.445910690957816,0.607847999862963,1.24020822157434,0.445910690957816,0.475859608673175,0.0344420902757194,0.068710090082256,0.0830380307792563,0.288163201639724,0.605563482143822,0.798365235754321,1.39209057196295,-0.0398115923250395,-0.0351527851974869,0.933667197170733,0.00110934019222874,4.07203468994733
73,81,109,2020-04-09 16:58:49,"RVI",73,0.0341065836065278,0.443241627142858,0.623064380881704,0.89455810788217,1.33560912702072,0.623064380881704,0.672623593181831,0.0381574104679594,0.0760654075660393,0.106287122074284,0.326017057949863,0.484694651294711,0.211051844820389,0.375498048212044,-0.833773304096802,-0.75084576323777,0.972984500791752,0.118424579994043,4.16570524525794
71,80,107,2020-04-10 16:51:23,"RVI",71,0.0856570979285168,0.250793188262305,0.393850505039236,0.574489353898114,1.2563408587173,0.393850505039236,0.448372464034379,0.0333236972791303,0.0664620185549259,0.0788432848249291,0.280790464269941,0.626243774524948,1.04454529954706,1.83379218386535,0.684948485079852,0.608830970414366,0.909900293501389,8.72600030689625e-05,4.08024284303519
71,81,107,2020-04-13 05:17:22,"RVI",71,0.127527115975339,0.383936901886566,0.54835379383929,0.753051496101211,1.23891484968565,0.54835379383929,0.578345493307714,0.0302118415400953,0.0602556179825165,0.0648056312163119,0.254569501740314,0.440168557870768,0.412880543664536,0.72484851941837,-0.424114468593846,-0.376983129542452,0.978115422407543,0.250334715799269,4.1651150370767
70,82,105,2020-04-15 16:59:33,"RVI",70,0.103031472801653,0.388364674822806,0.557090236521198,0.743138960617315,1.50779885077675,0.557090236521198,0.627333634545002,0.0391335124469777,0.0780692212331402,0.107200225750643,0.327414455622599,0.521914397049777,0.821535367383976,1.43249178227155,-0.0499652079613893,-0.0441182108084077,0.932751066771235,0.00100378325228952,4.11923295530481
69,85,104,2020-04-16 16:50:43,"RVI",69,0.111945018797854,0.36984765026002,0.672603041147098,0.912622321481606,1.41629916869919,0.672603041147098,0.665506220675096,0.0441515139398242,0.0881029743425109,0.134505576639316,0.366750019276504,0.551084284237748,0.340007370299832,0.588784513280231,-0.995506963085899,-0.873105461113174,0.949345069612865,0.00723235417665827,4.07847295273472
67,85,105,2020-04-19 05:17:57,"RVI",67,0.0785849246853693,0.327218820022209,0.4903612038156,0.684969506861039,1.1891434580337,0.4903612038156,0.533236319805032,0.0337749972031542,0.0674339576660315,0.0764302792168959,0.276460266976822,0.518457308155425,0.677277229253118,1.15640946899837,-0.115877944658507,-0.100241086111396,0.948458334739074,0.00760402701175835,4.07286509051643
67,83,104,2020-04-21 16:58:50,"RVI",67,0.118759477020313,0.325462152036578,0.489300446484383,0.626801794274684,1.34846402699394,0.489300446484383,0.510846701565737,0.0312174106583963,0.0623275713723767,0.065293290790402,0.255525518863385,0.500199997533904,1.06306205379466,1.81511347501921,1.13609177157337,0.982784717491744,0.92620003514308,0.000672838130309715,4.08910318724881
68,83,104,2020-04-22 16:51:24,"RVI",68,0.102477297274304,0.579686143133396,0.845166073702166,1.10927820901876,1.53069847338177,0.845166073702166,0.849051257156579,0.0394861469789593,0.0788146792382735,0.10602259462059,0.325611109485826,0.383499943897707,-0.0770694512241224,-0.13252886405852,-0.823763752583684,-0.717558069969563,0.983331816580194,0.498157217507445,4.14082791960183
67,86,101,2020-04-25 05:17:06,"RVI",67,0.233807113393528,0.423804994566647,0.552969896096376,0.736083650766803,1.25243259727225,0.552969896096376,0.596205172434984,0.0305007650137118,0.0608967421772025,0.0623298766502516,0.249659521449216,0.418747661026778,0.788585326230933,1.34646124065365,0.0178738309823485,0.0154618916992554,0.937822032157302,0.00229595831166537,4.12195415518365
69,81,107,2020-04-27 16:59:34,"RVI",69,0.0591247026180146,0.353910694035778,0.497491770994629,0.756408114673186,1.53203843285913,0.497491770994629,0.557304524341863,0.0355353842763316,0.0709097552898403,0.0871306839609924,0.29517907100774,0.529654898022451,0.759394414487931,1.31502934871004,0.474327608722539,0.416007161063591,0.957330279399441,0.019096992346867,4.0971087003507
65,84,102,2020-04-28 16:50:43,"RVI",65,0.10100816462541,0.453556519128728,0.630764985015498,0.910961023495252,1.5362334071812,0.630764985015498,0.694061600316928,0.0410918442924738,0.0820903958936801,0.109755078378199,0.331293040038874,0.47732512487018,0.508147444084722,0.85513396829127,-0.554445741489523,-0.472885915548272,0.962732640800542,0.047659444354408,4.06129016410567
72,82,105,2020-05-01 05:17:47,"RVI",72,0.133424075849973,0.327706680444027,0.462295314844009,0.594847214818937,1.1578145756453,0.462295314844009,0.492265702581127,0.0271483661029904,0.0541323045389027,0.0530664323084639,0.230361525234714,0.467961761355393,0.845441388807279,1.49425095939264,0.372619873584265,0.333392142771002,0.942580455709019,0.00255710446986644,4.17293090763075
63,87,100,2020-05-03 16:58:51,"RVI",63,0.0603536784896267,0.303199025483443,0.414696278084223,0.60137010257821,1.21135692328208,0.414696278084223,0.496862953813071,0.034842470505296,0.0696491061231624,0.0764818583074827,0.276553536060349,0.556599227086657,0.860026919787361,1.42582812566505,-0.086087999055418,-0.0723622395927874,0.919018976187937,0.000504252003505795,3.99689110031409
68,85,103,2020-05-04 16:51:24,"RVI",68,0.211830904584824,0.470146874300508,0.635923438620495,0.839725899203021,1.34509921152695,0.635923438620495,0.663140124131485,0.0331968499024952,0.0662611897327043,0.0749380973545183,0.273748237171526,0.412806022754323,0.518325408311221,0.8913139575419,-0.538956668604587,-0.469470410306559,0.960347328542769,0.0296369369902799,4.13626880522414
66,87,100,2020-05-07 05:17:06,"RVI",66,0.0847100960999833,0.322753033962951,0.612546250178623,1.10811310340935,1.42752495780791,0.612546250178623,0.689008680497649,0.0514741680564231,0.102801012328423,0.174872938488659,0.418178118137067,0.606927212927172,0.339267636492103,0.575122157819329,-1.32391176667589,-1.13723988465528,0.915336757518777,0.000255825366003332,4.00109309504746
68,83,102,2020-05-09 16:59:34,"RVI",68,0.172600042580481,0.383094791388636,0.526973417545068,0.715660973399151,1.51768770502861,0.526973417545068,0.582473100967602,0.0353403205825562,0.0705395751167143,0.0849278016036934,0.291423749210138,0.500321386045168,1.02249900825818,1.75829242213426,0.806672772695873,0.702670584930652,0.922417664928275,0.000413924828561408,4.10400437495792
67,83,104,2020-05-10 16:50:44,"RVI",67,0.21448869472584,0.466162589208378,0.596732379178377,0.853544938401139,1.44880048604312,0.596732379178377,0.676899513408277,0.0372954933582948,0.0744628550264437,0.093193906264187,0.305276769938669,0.450992745439512,0.608794078705692,1.03947867561083,-0.441906632251878,-0.382274650342668,0.951175749940203,0.0104469716795001,4.10638112664812
66,87,104,2020-05-13 05:17:48,"RVI",66,0.186596550057645,0.44706522077569,0.61637479895326,0.802445886798384,1.32265306319486,0.61637479895326,0.663433843430303,0.0340509857789709,0.0680045145172998,0.0765249957462989,0.276631516184073,0.41696925612619,0.689827264996028,1.16938635606157,-0.305452614361784,-0.262383721232905,0.943377792663348,0.00462451990044849,4.10665335433362
69,83,105,2020-05-15 16:58:51,"RVI",69,0.136367603562917,0.33950262268043,0.495271132531541,0.7501841780189,1.28742933193204,0.495271132531541,0.570874652143547,0.0367175781109239,0.0732687863576972,0.0930244574208942,0.304999110524759,0.534266339168387,0.600457005627342,1.03980035930466,-0.612356060260376,-0.537064470851872,0.939583750186236,0.00233897868231349,4.09502661792368
71,80,105,2020-05-16 16:51:25,"RVI",71,0.163220657853344,0.420772181779065,0.723654516151897,0.950713330707606,1.39503205103339,0.723654516151897,0.700068331934849,0.0411036357840101,0.0819786166363559,0.119955130101184,0.346345391338161,0.494730836318408,0.0522751199569944,0.0917736228666464,-1.13911675096978,-1.01252805432125,0.957293454956294,0.0166479584963291,4.13195678198352
70,82,107,2020-05-19 05:17:06,"RVI",70,0.163764589590802,0.540280247944066,0.860382094309754,1.12233549160672,1.46398032971565,0.860382094309754,0.849577990494849,0.0403094787854661,0.080415209888428,0.113739785596916,0.337253295902228,0.396965669632979,-0.17552690116165,-0.306062104523046,-1.03029165332815,-0.909725511215713,0.969931441807896,0.0903321620390401,4.16336711211096
66,87,100,2020-05-21 16:59:35,"RVI",66,0.17378554654861,0.409568672578817,0.662209898837204,0.922616156995659,1.46867040597602,0.662209898837204,0.689052763700372,0.0415805976771316,0.0830421878745961,0.114110442810374,0.337802372416734,0.490241662485551,0.391159161161256,0.663088006695553,-0.67639977819729,-0.581027244488764,0.963507851061961,0.0494107707987575,4.06843863610756
68,85,101,2020-05-22 16:50:44,"RVI",68,0.228738968953958,0.476276314668254,0.638087557399493,0.797497278858785,1.31446062786737,0.638087557399493,0.658051136977091,0.0304315933947602,0.0607417146422424,0.062973567604993,0.25094534784489,0.381346271959449,0.488576280737991,0.840157266772858,-0.250866389412898,-0.218522849109053,0.971772996235084,0.125428857676591,4.14800302016864
71,83,103,2020-05-25 05:17:49,"RVI",71,0.10248224867223,0.445814810934361,0.609105971353169,0.91811388125317,1.48521935378223,0.609105971353169,0.679906153392115,0.0373607217906728,0.0745136100618762,0.0991034708231237,0.314807037442182,0.463015426278437,0.558471009988753,0.980445533072474,-0.532529861547592,-0.473350448162317,0.951271544275218,0.00785498401360029,4.15774280332215
71,79,106,2020-05-27 16:58:52,"RVI",71,0.270237739398109,0.573397149515148,0.726114510562663,0.910539089044717,1.27789740471504,0.726114510562663,0.745549548350945,0.0293890403793123,0.0586145928118424,0.0613238143035962,0.247636455926013,0.332152915220392,0.241975810778604,0.424810059154638,-0.809950711731764,-0.719941847530282,0.972073325367191,0.114287508336303,4.20750463200863
73,82,105,2020-05-28 16:51:26,"RVI",73,0.0725439216193274,0.272868241324596,0.428309056827381,0.595423088133462,1.38384216085964,0.428309056827381,0.481649444538912,0.0344238376129111,0.0686226661060229,0.0865050435080055,0.294117397492915,0.61064618848357,1.06933554869643,1.90253447801406,0.599670393910085,0.540026854294961,0.907784138761687,5.69028871553459e-05,4.11964864877918
67,87,100,2020-05-31 05:17:07,"RVI",67,0.0856142993100067,0.447448901533497,0.589923553924753,0.779093012358535,1.26952802504876,0.589923553924753,0.639450734249474,0.0328347692320381,0.0655567319531975,0.0722341787249203,0.268764169347256,0.420304731783137,0.439751963005755,0.750849596097115,-0.285874259734871,-0.247297674907554,0.971777422842634,0.131154451121777,4.11558328033101
69,84,106,2020-06-02 16:59:36,"RVI",69,0.10002260964988,0.441223636361901,0.680807887939732,1.13160769685327,1.53658266646196,0.680807887939732,0.752268395656644,0.0493210206406523,0.0984185643548317,0.16784685231546,0.409691166997117,0.544607708315998,0.206945794215919,0.35836422785589,-1.14335746895157,-1.00277716496496,0.955868001107636,0.0159372123477486,4.07713297541026
70,83,108,2020-06-03 16:50:45,"RVI",70,0.0459719387449754,0.310383558365338,0.519351667979479,0.75971910052961,1.40749121431859,0.519351667979479,0.580710419045559,0.039040469893545,0.0778836064177597,0.106691080265615,0.326636005770361,0.562476571898282,0.63650200983284,1.10985349466849,-0.337215036594067,-0.297753670588512,0.954209199088631,0.0121180775780559,4.09218737696317
69,82,107,2020-06-06 05:17:49,"RVI",69,0.13841935135254,0.365339721232312,0.607178045756833,0.808097396161692,1.48974668061167,0.607178045756833,0.593919468722607,0.0348791355771736,0.0696002313993793,0.0839422328041494,0.289727859903305,0.487823476348481,0.476874640949476,0.825795050029422,0.00558638790733168,0.00489951951181583,0.961939023582487,0.0340449602269129,4.11400774202428
72,81,107,2020-06-08 16:58:53,"RVI",72,0.186492947124444,0.344186437967991,0.481687257116334,0.77033310128458,1.53231190240039,0.481687257116334,0.579861642458521,0.0357978448081778,0.0713788752384332,0.0922669698895477,0.303754785788714,0.523840108652199,1.07987884128698,1.90860066230885,0.525376618497137,0.470067350186391,0.8971678064093,2.36114285195231e-05,4.15271130521401
69,86,100,2020-06-09 16:51:26,"RVI",69,0.0957003423671425,0.419941465995782,0.673856241338637,0.883354977592224,1.26425228854346,0.673856241338637,0.671092926496266,0.0379718589423477,0.0757716647880914,0.0994884829360912,0.315417949609865,0.470006368948995,-0.00173827529937417,-0.00301013938370375,-1.03173362551534,-0.904877912716124,0.973086174488231,0.141991387891392,4.11470806594307
70,83,105,2020-06-12 05:17:08,"RVI",70,0.187191830576928,0.410690180582745,0.57108929754903,0.888082399814754,1.3777272988569,0.57108929754903,0.662264986642387,0.0375757993666682,0.0749616686655241,0.098835848863087,0.314381692951557,0.474706800589653,0.794727780967881,1.38574802811538,-0.418274492983817,-0.369327438234618,0.908423737164947,8.47631758566445e-05,4.14299890439961
66,89,101,2020-06-14 16:59:37,"RVI",66,0.171420628548189,0.516019302123583,0.697354577367704,0.914263498216443,1.44876736465464,0.697354577367704,0.732329767522721,0.0362817815196129,0.0724597212568154,0.086880266235637,0.294754586453946,0.402488877996894,0.522487006252916,0.885713289884437,-0.214544896296152,-0.184294013588103,0.968889097199995,0.0959768686664466,4.10986094940949
73,80,108,2020-06-15 16:50:46,"RVI",73,0.124236604794896,0.386815072667673,0.644392034344499,0.96474493039281,1.5216595383419,0.644392034344499,0.700256102624765,0.0459217225874771,0.0915432808964891,0.153942736194288,0.392355369778837,0.560302678274668,0.466309865504753,0.829646594693682,-0.800178286793293,-0.720592124407772,0.947976403992591,0.00450993934301002,4.13222656766325
67,87,103,2020-06-18 05:17:50,"RVI",67,0.12275046826269,0.466191874457695,0.76698024186628,0.998796595657665,1.43608709898849,0.76698024186628,0.754964090592511,0.0426484508744078,0.0851503795392783,0.121865654253114,0.3490926155809,0.46239631782609,-0.0413089632041006,-0.070532529576414,-1.02896293701688,-0.890112114767926,0.970052787527623,0.105720291393757,4.08870412883821
63,88,99,2020-06-20 16:58:53,"RVI",63,0.201113273325898,0.638414124204113,0.82467242490617,0.953559727935965,1.25432481153831,0.82467242490617,0.794682139003977,0.0328181833698676,0.0656026137971439,0.0678530890609901,0.260486255032756,0.327786724084726,-0.3245841506613,-0.538124098804269,-0.514859698039289,-0.432771132271363,0.970057458095719,0.12765445981118,4.08503653904963
63,89,100,2020-06-24 05:17:08,"RVI",63,0.168377475500364,0.469262925511052,0.603592735586628,0.800107113398109,1.21122698803257,0.603592735586628,0.640781553336133,0.0310527873238095,0.0620736373847904,0.060749362836398,0.246473858322537,0.384645683133835,0.352430905534758,0.584290893579591,-0.672011635509165,-0.564866967654241,0.970727465936077,0.13815814394605,4.06927695866206
64,86,101,2020-06-26 16:59:37,"RVI",64,0.310030432918156,0.653545591539858,0.814412039511089,0.957677558894596,1.48117622133573,0.814412039511089,0.807933880642729,0.0288008718990288,0.0575539499757756,0.0530873742172332,0.230406975192231,0.285180484087308,0.190853001370877,0.31880346716076,0.018040882105518,0.0152761644329019,0.990456522699479,0.904527958907404,4.1178997618588
69,87,101,2020-06-27 16:50:47,"RVI",69,0.211250411774295,0.717463319357333,0.93258259426839,1.22223929726747,1.53721341981937,0.93258259426839,0.964681279795799,0.0399720316518141,0.0797629472873254,0.11024566869178,0.332032631968276,0.344188945014626,-0.0774767419622003,-0.13416504991208,-0.820114507195087,-0.719278198467392,0.97737986864918,0.243911300306131,4.17192798012593
70,81,108,2020-06-30 05:17:51,"RVI",70,0.198584338049159,0.64296828531351,0.787708732896629,1.14843287856556,1.52505299258015,0.787708732896629,0.856793386212408,0.0406074204852094,0.0810095873163001,0.115427381892382,0.339746055006356,0.396532070010785,-0.00805027528493608,-0.0140370745418009,-0.976440486010936,-0.862176081344118,0.973821550450983,0.149767107756194,4.16564418577449
68,85,106,2020-07-02 16:58:54,"RVI",68,0.0968565815250956,0.376539724009453,0.530793404814009,0.704070747723781,1.32615463168358,0.530793404814009,0.558908844020947,0.0324184854095335,0.064707567702276,0.0714651573448731,0.267329679132103,0.478306403614691,0.603561430115674,1.03788608134957,0.106238220679699,0.0925412077781138,0.966787168925329,0.0666257913610671,4.10585996583062
63,88,99,2020-07-03 16:51:28,"RVI",63,0.179730419809572,0.514371535459424,0.604178758826311,0.820379553284431,1.28489976329858,0.604178758826311,0.653171876415154,0.0293981552521365,0.058766075002346,0.0544478465304093,0.233340623403661,0.357242299966006,0.434256177104835,0.719948011874962,-0.121812702575467,-0.102391042490563,0.978714715339608,0.344618368686353,4.07996401466417
70,80,106,2020-07-06 05:17:09,"RVI",70,0.129708083218492,0.394803673892628,0.517147260686092,0.786289148998217,1.17710349180244,0.517147260686092,0.576084554264181,0.029414804250654,0.0586809288761192,0.0605661496373007,0.246101909048469,0.427197548045371,0.369873681981432,0.644939987920544,-0.715083128678267,-0.631403120366124,0.969351035869942,0.0837489076792419,4.15703364004973
72,80,108,2020-07-08 16:59:38,"RVI",72,0.172527570394857,0.469105589119002,0.699235415878259,1.04830780863647,1.33166853341073,0.699235415878259,0.746282960595772,0.0387301670013221,0.0772257596278397,0.108001860188422,0.328636364677468,0.440364288118157,0.194480096888759,0.343728229071886,-1.22206977981895,-1.0934158143269,0.950173572129526,0.00637261561270034,4.17770283551393
71,82,106,2020-07-09 16:50:47,"RVI",71,0.161836196779494,0.406025681010022,0.660057204173645,0.906288880560994,1.38214051318521,0.660057204173645,0.652174743811519,0.0355477954162881,0.0708978424198946,0.0897188488860372,0.299531048283875,0.459280355650266,0.149479548558637,0.262424643443816,-0.846605171885485,-0.752522940899374,0.972363526288771,0.118741095525983,4.15233715459081
68,86,102,2020-07-12 05:17:51,"RVI",68,0.184756801093904,0.516768145719527,0.696781614875053,0.897312020201303,1.36854957715819,0.696781614875053,0.704325987221212,0.0323345449149281,0.0645400217738027,0.0710955500501742,0.266637488081054,0.378571134558052,0.241415796697633,0.415139342423472,-0.77537848349955,-0.675410985699255,0.97881534620687,0.299729537588442,4.14709754974128
66,85,101,2020-07-14 16:58:55,"RVI",66,0.134140617730949,0.514344020253472,0.688484523933654,0.908478762801067,1.31346191839947,0.688484523933654,0.709837774371178,0.034392070457831,0.068685707659423,0.0780657576848432,0.279402501214365,0.393614585335189,0.214298626285805,0.363276290192444,-0.696591522354823,-0.598371947795056,0.983532176641068,0.52946423400238,4.11039515256355
73,82,108,2020-07-15 16:51:28,"RVI",73,0.0715998633239284,0.461043407733213,0.612826482451463,0.764422140788359,1.41157318683083,0.612826482451463,0.634771490079726,0.0320691680156183,0.0639287180522932,0.0750755022166186,0.27399909163466,0.431649965250087,0.405638262202969,0.721701228752419,0.295149419869382,0.265793699968693,0.979419448118463,0.27764539794239,4.19369192726993
63,87,99,2020-07-18 05:17:09,"RVI",63,0.0987503227859059,0.399075960454116,0.569260062271782,0.878469813906755,1.27951513268046,0.569260062271782,0.631873934826377,0.039403754165164,0.0787669822403483,0.0978173180654471,0.312757602730049,0.494968356015487,0.328872556546314,0.545233794541039,-1.01896431113113,-0.856501956458585,0.953666160032518,0.0187049543374274,4.01839049697024
71,80,106,2020-07-20 16:59:39,"RVI",71,0.137504405169603,0.431527068333387,0.623915492013093,0.77403769031245,1.13254445156501,0.623915492013093,0.620697339048199,0.0268168961671302,0.053484612938239,0.0510593603227436,0.225963183555958,0.36404728897736,0.0250251554256239,0.0439338862942795,-0.833093605736688,-0.740512899108814,0.98264633249658,0.433069510054779,4.19382231414512
68,88,102,2020-07-21 16:50:48,"RVI",68,0.162037362181268,0.29373011185647,0.532270400952881,0.710676970842752,1.18442113150707,0.532270400952881,0.529080932478127,0.0303572769993494,0.0605933784961614,0.0626663701434356,0.250332519148902,0.473145985390906,0.272887018696334,0.469257352033951,-0.982857817383139,-0.856140557634328,0.942247598133793,0.00344123681741548,4.10611748040035
68,87,101,2020-07-24 05:17:52,"RVI",68,0.114974765074669,0.294910039637577,0.573422613456416,0.852494556065384,1.35504039578718,0.573422613456416,0.599405325099615,0.0422420065865263,0.0843153980374982,0.121338324191017,0.34833650998857,0.581136829124232,0.507136554920531,0.872073571027751,-0.767341976875679,-0.668410604626119,0.942746100595962,0.00364108928807277,4.05020995208611
67,87,103,2020-07-26 16:58:55,"RVI",67,0.149086584188329,0.293184588239918,0.434623797654889,0.659276309120429,0.973417243563863,0.434623797654889,0.485306771394,0.0259772605357967,0.0518652740876257,0.0452128103512922,0.212633041532336,0.438141509795066,0.359898309957369,0.614504364734328,-0.96117954999828,-0.831475586867147,0.953637564713582,0.0139864330696143,4.10931475738529
69,83,106,2020-07-27 16:51:29,"RVI",69,0.0992609674614465,0.425424912686827,0.710481984191652,0.940772844326865,1.53586604480658,0.710481984191652,0.722193122274881,0.044541962070271,0.0888821014561524,0.136895060569793,0.369993325034105,0.512319092528381,0.565976394166063,0.980090918244811,-0.665028522888031,-0.58326064674594,0.942074514479485,0.00310073698594667,4.10546514278323
69,86,103,2020-07-30 05:17:10,"RVI",69,0.118441068601443,0.402024645013772,0.609357009984923,0.863037191940733,1.43162012637557,0.609357009984923,0.643012565187914,0.0358427823402378,0.0715231585759468,0.0886446481663868,0.297732511100798,0.463027516443304,0.330011795917386,0.571475360856462,-0.634610931899306,-0.556583018370706,0.974272504701093,0.165161376298764,4.12487546383902
71,81,107,2020-08-01 16:59:39,"RVI",71,0.101284001145841,0.413337540454236,0.539431420369121,0.697531606123352,1.4513207518277,0.539431420369121,0.571181642963132,0.0310741068062423,0.0619753518295112,0.0685576080802084,0.261835078017076,0.45840947663995,0.939833321038751,1.64996099164336,1.83314299466614,1.62942798277854,0.941171252764758,0.0023600261323983,4.16080597764146
71,80,107,2020-08-02 16:50:49,"RVI",71,0.188101329652329,0.53187397269565,0.804592049229376,1.13329880762952,1.53927266180195,0.804592049229376,0.847187694739092,0.0430603671061771,0.0858811942030508,0.13164786028763,0.362833102524605,0.428279476646963,0.206815095558761,0.36308229610097,-1.10501717126765,-0.982217920562283,0.958511935372784,0.0194379280595247,4.16930441255676
64,88,100,2020-08-05 05:17:53,"RVI",64,0.111127941812553,0.521642798050901,0.682431521340137,0.875217053354513,1.18230191284595,0.682431521340137,0.690880137847592,0.0300534553118284,0.0600570381924621,0.0578054512755243,0.240427642494627,0.348001960576938,0.0534018696656718,0.0892032144110733,-0.450545279938661,-0.381500402283859,0.983465821607192,0.547279692031274,4.09558661468832
72,80,108,2020-08-07 16:58:56,"RVI",72,0.0877348173124301,0.372841641275127,0.488336906159502,0.670464271076748,1.14517376121359,0.488336906159502,0.535441220721953,0.0275176167486384,0.0548685694148651,0.0545197846697958,0.233494720860656,0.43607909108273,0.51625343603127,0.912437221896311,-0.384412747446155,-0.343943516342209,0.969534037092272,0.0779025303959048,4.18272347520539
72,82,104,2020-08-08 16:51:30,"RVI",72,0.0402805234339824,0.361559620678602,0.560984027207168,0.762501025147533,1.2027488225543,0.560984027207168,0.569333441040469,0.0317435759209672,0.0632948926793166,0.072551132082015,0.269353173513911,0.473102674281107,0.0587610365167458,0.103855496492695,-0.735859066153704,-0.658391160091927,0.987979227250616,0.727828708743988,4.15471965782029
69,82,106,2020-08-11 05:17:11,"RVI",69,0.0874847147686661,0.39051796282542,0.562450568675228,0.806704472486887,1.1980908531225,0.562450568675228,0.60150496762849,0.033797802380776,0.067442464601444,0.078818109758129,0.280745631770343,0.466738675288449,0.111125644436398,0.192434235807119,-0.963061162404456,-0.844648999415163,0.973912555140096,0.157772912526313,4.11839769058967
67,84,104,2020-08-13 16:59:40,"RVI",67,0.154963877388623,0.440113872645365,0.628612741588686,0.863295231554513,1.48612716559482,0.628612741588686,0.666175167737052,0.0383519717711581,0.0765721822349577,0.0985485404952922,0.313924418443823,0.471234044208223,0.30389366525649,0.518879857305654,-0.59969022755444,-0.518766534197709,0.973529081695411,0.163060181398836,4.09058613060173
67,83,102,2020-08-14 16:50:49,"RVI",67,0.0942129698087769,0.438269141329586,0.710213451950566,0.912446837795629,1.37602751702372,0.710213451950566,0.690376931643212,0.0394471237126965,0.0787587236347799,0.104257063136721,0.322888623424116,0.467699033129029,0.221916009152927,0.378908020560168,-0.822951589106725,-0.711900451395361,0.976223506562391,0.226899339779352,4.09077850961179
69,81,104,2020-08-17 05:17:54,"RVI",69,0.16320363927201,0.391177450855919,0.630087213313583,0.852845371384183,1.31389917391275,0.630087213313583,0.636823353918783,0.0348296107548318,0.0695014061550615,0.0837040231879834,0.289316475832234,0.454311975294065,0.52756011270009,0.913566149781607,-0.605134450170346,-0.530730786165137,0.949347093793182,0.00723409584597405,4.1332667854024
73,80,109,2020-08-19 16:58:57,"RVI",73,0.17755519340958,0.510023833170547,0.672245510214386,0.88701477726176,1.28311230471974,0.672245510214386,0.685982187059884,0.0328082647962741,0.0654020805567676,0.0785759034427979,0.280313937296735,0.408631510532597,0.205296421676811,0.365258146452894,-0.706357511240761,-0.636102813606905,0.976414616801033,0.18756191276094,4.20470333234024
68,85,104,2020-08-20 16:51:31,"RVI",68,0.172765941289732,0.482433220503011,0.651959828994587,0.936072696562603,1.47698268109535,0.651959828994587,0.706529833688356,0.037264607820601,0.074380468519396,0.0944282677295775,0.307291828283112,0.434931143217167,0.323301548025791,0.555950330872583,-0.712290299440784,-0.620456594407931,0.969036054217853,0.0886387473642092,4.12366830328488
71,83,103,2020-08-23 05:17:12,"RVI",71,0.199185693664317,0.631995122333816,0.810365584775506,1.04415341381944,1.29543629185635,0.810365584775506,0.813341892894573,0.0318460585462067,0.0635149610281926,0.0720061725899182,0.268339658995681,0.329922338121176,-0.155799802852953,-0.273520412033252,-0.736969611097698,-0.655071050253072,0.979495052534508,0.297459983405876,4.20508467497691
68,85,103,2020-08-25 16:59:41,"RVI",68,0.120738780297774,0.700363088387373,0.883113926590392,1.20982049069004,1.53892046897514,0.883113926590392,0.913381286496244,0.0417465046753258,0.0833263720833064,0.118508404377276,0.34425049655342,0.376896813677861,-0.0880339634315601,-0.151383472787753,-0.633853207176194,-0.552132189063711,0.978366116863029,0.284089711783281,4.14277745840478
64,88,99,2020-08-26 16:50:50,"RVI",64,0.273208594938078,0.535928807000025,0.714992712190447,0.901729002751534,1.35734633770007,0.714992712190447,0.718009884575702,0.0318074298027644,0.0635620765282465,0.064749605802098,0.254459438422115,0.354395453166336,0.176869045519755,0.295444475801241,-0.508242777994584,-0.430355910707126,0.982348464670451,0.490950066108583,4.09500906105975
67,82,105,2020-08-29 05:17:54,"RVI",67,0.0871552000801416,0.707259213088287,0.850345735609479,1.09404683534514,1.40664710880644,0.850345735609479,0.859285989293607,0.035929305335581,0.0717351726306944,0.0864913037871262,0.294094039020049,0.34225396746177,-0.456321163538651,-0.779140493180875,-0.415031863384731,-0.359026429741459,0.973468648136347,0.161844601896042,4.13888564094411
65,89,102,2020-08-31 16:58:57,"RVI",65,0.170168241303957,0.483484369080106,0.627866882663659,0.809453867202687,1.26837690103824,0.627866882663659,0.669381037523065,0.0324829959696386,0.0648922443096291,0.0685844267656311,0.261886285944169,0.39123648753666,0.451908150211231,0.760491889296736,-0.478184898652926,-0.407843160619026,0.971472981691634,0.138024502648083,4.09878687902167
67,83,104,2020-09-01 16:51:31,"RVI",67,0.0847203327486132,0.392996776356011,0.594543653073039,0.781650054795901,1.32889540238934,0.594543653073039,0.60514283551845,0.0339138941773311,0.0677112744225733,0.0770601986241714,0.277597187709406,0.458730024410812,0.279439154773396,0.477125275487578,-0.426201535950242,-0.368688838863188,0.985542988452388,0.629343438891489,4.09504470832989
69,85,105,2020-09-04 05:17:12,"RVI",69,0.0706026460105132,0.309743544645844,0.51366803983457,0.800039051223646,1.26476129479375,0.51366803983457,0.566737316394248,0.0396559448357191,0.0791322058661731,0.108508983296138,0.329407017678947,0.581234035857622,0.447882611158884,0.77559008495997,-0.965339887229941,-0.846647546048466,0.942910615822235,0.00341170008137865,4.06291247529091
72,85,102,2020-09-06 16:59:41,"RVI",72,0.15641488886576,0.526318534937898,0.701137718904978,0.877545701047007,1.31662467921185,0.701137718904978,0.70355068150768,0.0315270882169666,0.0628632284577046,0.0715649249837085,0.267516214431403,0.380237304096028,0.161518047987005,0.285470407953761,-0.330704265060489,-0.295889219465081,0.985711235093309,0.590876894124866,4.20170992512881
69,83,102,2020-09-07 16:50:51,"RVI",69,0.26593177485445,0.509083757772557,0.753077235555404,1.00653818239133,1.3437227111059,0.753077235555404,0.770391780658016,0.0365468439559405,0.0729280916558938,0.0921613544166506,0.303580886118758,0.39406039075269,0.0489483199718133,0.0847629059484049,-1.10067791959661,-0.965345234299042,0.963335133635234,0.0406483737646728,4.1537535138797
67,82,105,2020-09-10 05:17:55,"RVI",67,0.0881198530150708,0.285974036195997,0.458869215518763,0.639231492244036,1.22074670333049,0.458869215518763,0.482014332811771,0.0325076763008562,0.0649036698451089,0.0708021842382438,0.266086798316346,0.55203088415268,0.769715662424207,1.31424244315034,0.140018452444886,0.121124013634133,0.946302414531814,0.00593014007997458,4.0572455610298
70,80,107,2020-09-12 16:58:58,"RVI",70,0.0557940966029157,0.413628328496619,0.614029748492235,0.751521137458912,1.23654686252816,0.614029748492235,0.621754186798422,0.033556453224636,0.066943292507748,0.0788224887112026,0.280753430453134,0.451550526581587,0.263616780301385,0.459662342539318,-0.457659037091426,-0.40410314898269,0.981331635047652,0.381257409102612,4.14141240451624
69,82,105,2020-09-13 16:51:32,"RVI",69,0.115559504802946,0.415385238615144,0.616697975404774,0.94698898999025,1.53737915977282,0.616697975404774,0.707914274202167,0.0476681415750022,0.0951202955319161,0.156785368763797,0.39596132230787,0.559335129601852,0.618048243926174,1.07026278331224,-0.772211770146594,-0.677265291606691,0.922959721039977,0.000394586562548437,4.08245168081497
67,87,100,2020-09-16 05:17:13,"RVI",67,0.0624855775896459,0.373160243357736,0.509093378343149,0.741787659685341,1.23585206810781,0.509093378343149,0.560940768424873,0.0326365120281619,0.0651608986741372,0.0713645084634119,0.267141364193964,0.476238097195359,0.454098986664696,0.775346262003689,-0.498802219371174,-0.431492605188099,0.968170436072615,0.0835094272492401,4.09020806957157
70,81,108,2020-09-18 16:59:42,"RVI",70,0.112422633920641,0.44063172032957,0.685160158667762,0.873838968941169,1.27190290024223,0.685160158667762,0.670754569640681,0.0339583893923402,0.0677451332226753,0.080722054708526,0.284116269700498,0.423577091472812,0.177624157536074,0.309719040841255,-0.756608969923618,-0.668069550724517,0.982292892118624,0.425743934074539,4.15530224824946
71,82,103,2020-09-19 16:50:51,"RVI",71,0.0400126955059626,0.356124174416659,0.502145435405288,0.693755522449117,1.34458304544521,0.502145435405288,0.529666049168518,0.0303795190929138,0.0605900403166686,0.0655269778024866,0.255982377913962,0.483290137844043,0.565766992763303,0.993254279798335,0.208831695109219,0.185624475936756,0.97333728113143,0.134962218066275,4.14461273196917
68,84,105,2020-09-22 05:17:55,"RVI",68,0.065532884275674,0.251333192375506,0.330483147679456,0.558401485778844,1.23342247386914,0.330483147679456,0.414752228666092,0.0296789215280106,0.0592393753083704,0.0598970100484751,0.244738656628811,0.590084006096674,1.25553066556713,2.15901437282026,1.36568095405352,1.18960731946661,0.883803572711972,1.21998364905113e-05,4.0645137931116
69,84,104,2020-09-24 16:58:58,"RVI",69,0.255777644201732,0.486160325498619,0.575453547305763,0.891877857503664,1.12090028155175,0.575453547305763,0.666720286206403,0.0271389525337823,0.0541549366127118,0.0508200693795313,0.225433070731717,0.338122411145485,0.49104556765795,0.85033458332666,-1.07561445832958,-0.943363424308676,0.914581385591772,0.000171220142820226,4.17899283858972
66,87,98,2020-09-25 16:51:32,"RVI",66,0.122355619833807,0.426642719850541,0.667331420213528,0.932091588090995,1.38504619637455,0.667331420213528,0.71217860965071,0.0411151628180254,0.0821126502735878,0.11157013649448,0.334021161746498,0.469013190259,0.263095912464694,0.445996825558285,-0.967100730421303,-0.830739291543447,0.966997071412869,0.0759609684356729,4.07688213737842
68,83,102,2020-09-28 05:17:13,"RVI",68,0.0946370848152986,0.35083703856003,0.526797974565089,0.750580795019184,1.17411583998101,0.526797974565089,0.561134443220801,0.0320239718234938,0.0639201152887642,0.0697363644519307,0.264076436760137,0.470611704468523,0.380241839718236,0.65386503063106,-0.743796955577464,-0.647901180671557,0.970721522022206,0.109785259135603,4.10777252332663
67,87,102,2020-09-30 16:59:42,"RVI",67,0.135813703645799,0.41175947526281,0.559505831899825,0.755348178495572,1.44394831986287,0.559505831899825,0.617485207702577,0.0341615339781586,0.0682057032376219,0.0781896970506393,0.279624206839535,0.452843571556813,0.98419546132407,1.68045358925691,0.636652341996003,0.550740888830206,0.92536715764225,0.000618085884352547,4.1096789433099
67,87,101,2020-10-01 16:50:51,"RVI",67,0.134352770505378,0.275545629716543,0.499528521964406,0.738626340127218,1.4227177036534,0.499528521964406,0.56518833017841,0.0425467110357385,0.0849472493974012,0.121284915537229,0.348259839110439,0.616183704643203,0.805793156163056,1.37584255839907,-0.434179328325799,-0.37559008805995,0.901581826359941,6.39426696952623e-05,4.02609411044842
74,81,107,2020-10-04 05:17:55,"RVI",74,0.122577851675213,0.342242001119079,0.540440763431308,0.77841131402525,1.19905405730434,0.540440763431308,0.554515994447377,0.0320029594388662,0.0637818061816299,0.0757900165505829,0.275299866601099,0.496468757182485,0.374351086454732,0.670406829131795,-0.586547353883902,-0.531597676639198,0.968682163221631,0.0629618659113853,4.1780413041527
64,90,100,2020-10-06 16:58:58,"RVI",64,0.0895529183790517,0.286878059044759,0.423730155780188,0.582383017241925,0.970558847294891,0.423730155780188,0.45068718607917,0.0283363713435736,0.056625719683786,0.0513887962189374,0.226690970748588,0.502989607316608,0.522100779072369,0.872124291365765,-0.542855496591801,-0.459664321330747,0.958553747537757,0.0307837340458342,4.03331150922723
66,85,104,2020-10-07 16:51:32,"RVI",66,0.0654530333758132,0.316086919167351,0.593590067617867,0.773846787472293,1.22634048252958,0.593590067617867,0.577066657647208,0.0361276870520363,0.0721519733541446,0.0861438449341715,0.293502717081412,0.508611463150668,0.255456484103179,0.433046564315541,-0.723939977358851,-0.621864263972872,0.973228038776126,0.163720363464964,4.05369763973124
69,83,104,2020-10-10 05:17:13,"RVI",69,0.197815754331448,0.357353731341467,0.632387976301054,0.842261016072932,1.39499452839886,0.632387976301054,0.655201103188327,0.0397052595194952,0.0792306117855118,0.108779026712222,0.329816656207994,0.503382327354222,0.631333617189274,1.09326881998598,-0.538528491841651,-0.472314292744345,0.928651728043247,0.000711886806953399,4.11198496655395
68,83,105,2020-10-12 16:59:42,"RVI",68,0.192390087889099,0.358944267506027,0.494786106867068,0.698270604470528,1.18599843942042,0.494786106867068,0.546325484041461,0.0310087248022594,0.0618936737529812,0.0653847889426336,0.255704495350851,0.468044238865207,0.777793601442906,1.33749625609051,-0.168127630544295,-0.146451379662599,0.92709877130151,0.000667845477582826,4.11618364467047
68,84,106,2020-10-13 16:50:52,"RVI",68,0.0707939885223763,0.332140173918634,0.52908611909249,0.768164018769582,1.21699034064343,0.52908611909249,0.548585702231908,0.0320820895500813,0.0640361187565498,0.0699897119531614,0.264555687811019,0.482250424563893,0.41026908117586,0.705499966886377,-0.534919993856174,-0.465954173360612,0.969623711777277,0.0955069363039077,4.10200410803408
73,80,109,2020-10-16 05:17:56,"RVI",73,0.117446424912721,0.504307431245396,0.670798954312528,0.891273372486154,1.22832762470097,0.670798954312528,0.681041762677294,0.0305426462358098,0.0608856525005292,0.0680982864532652,0.260956483830667,0.38317251324618,-0.116038555363414,-0.206452831973055,-0.591493110886456,-0.53266288823498,0.985284524254329,0.556207193818741,4.21084804624392
68,84,103,2020-10-18 16:58:58,"RVI",68,0.181852486830849,0.320930947050975,0.421055816985909,0.612618782186024,1.00837638142019,0.421055816985909,0.460017034078577,0.0222384226508627,0.0443880773914673,0.0336292260558914,0.18338273107327,0.398643349024215,0.570487944343534,0.981012814053418,-0.333289768909775,-0.290319600212325,0.95497672884411,0.0153120481861545,4.1426259578429
70,85,101,2020-10-19 16:51:32,"RVI",70,0.0854005068668985,0.237266310315594,0.40638421205843,0.590436428533134,1.20216700085635,0.40638421205843,0.435000343686952,0.0293859850329203,0.0586234361098342,0.0604475281448509,0.24586079017373,0.565196772236723,0.732302286247885,1.27689816998282,0.178605288792288,0.157704652976203,0.947254123422238,0.00522064997675363,4.09256682194937
67,83,104,2020-10-22 05:17:13,"RVI",67,0.133959145150205,0.30202454020942,0.406612634357607,0.60285772594785,1.21188230582126,0.406612634357607,0.484237004281001,0.0315331441959435,0.0629579537193133,0.0666207252531049,0.258109909250119,0.533023926234971,1.09448888721236,1.86877287205067,0.656582784234758,0.567981867539148,0.898527866115798,4.87393346738866e-05,4.07609214006929
70,82,108,2020-10-24 16:59:42,"RVI",70,0.101583508446431,0.260093438854331,0.407259926806476,0.551655862193921,1.17269365112786,0.407259926806476,0.440345039467131,0.0289610599726296,0.0577757338090432,0.0587120096316774,0.242305612051552,0.550263067218313,0.885281519934965,1.54364444021675,0.211576020129459,0.186817104119501,0.93010285022769,0.000754096087051523,4.10618350618789
63,87,99,2020-10-25 16:50:51,"RVI",63,0.0352263253106246,0.256503072728528,0.398468780332547,0.666601322430493,1.11310875083737,0.398468780332547,0.447794955924119,0.0357748649540595,0.0715129360688805,0.0806299806363152,0.283954187566085,0.634116538852219,0.587904386281448,0.974679501159329,-0.727982063586849,-0.61191354291569,0.936829862894915,0.00296839382008598,3.94128469914486
66,85,104,2020-10-28 05:17:56,"RVI",66,0.0848500591459443,0.328652306969074,0.532395395317809,0.730871968948344,1.24233595688613,0.532395395317809,0.557690726690454,0.0353855860661763,0.0706698953434286,0.082641220282287,0.287473860172168,0.515471831274917,0.560255758850532,0.949738396188943,-0.572610135770228,-0.491871966959563,0.950484325799617,0.0103876108606202,4.05892406552292
66,87,101,2020-10-30 16:58:59,"RVI",66,0.155132921145662,0.354148165368071,0.558431607351949,0.715765449559547,1.26919977671946,0.558431607351949,0.575007929402527,0.0319223098533985,0.0637532551316577,0.0672562351808411,0.259338071213698,0.451016512908211,0.629093396694862,1.0664310793625,-0.00307217809656679,-0.00263900023560666,0.95923981310771,0.0293576655829825,4.09054209456613
74,81,107,2020-10-31 16:51:32,"RVI",74,0.113755848783912,0.308676073966698,0.46675689761842,0.705502652804538,1.17720580384709,0.46675689761842,0.508035781742827,0.0297117055131231,0.05921534369294,0.0653261228928925,0.255589755062468,0.503094002917792,0.590478522019609,1.05745875447182,-0.493285224294251,-0.447072648813234,0.952990807213298,0.00783741492044102,4.18024327567177
73,80,108,2020-11-03 05:17:13,"RVI",73,0.0456337462973817,0.294273918832424,0.45858055851406,0.66551358322237,1.17249190330842,0.45858055851406,0.494266368531347,0.0289119758987244,0.0576349705943132,0.0610208715768947,0.247024030363232,0.49977915976204,0.63452965458251,1.12893894403607,-0.0237188964001502,-0.0213598022186865,0.954552823193806,0.0102598867199913,4.16721717220485
69,86,101,2020-11-05 16:59:42,"RVI",69,0.0667056433416793,0.244902903320715,0.389009418021312,0.760826925986064,1.32488885660475,0.389009418021312,0.511989078139229,0.0399367063685874,0.0796924567821524,0.110050895574383,0.33173919812766,0.647941943084668,0.614360561058218,1.06387689067519,-0.767052946493869,-0.672740765640391,0.920545823468198,0.000308986324994611,4.02829344837873
65,87,101,2020-11-06 16:50:51,"RVI",65,0.0392057117674017,0.289617681667448,0.409871774855347,0.57059290755821,1.30098179134076,0.409871774855347,0.451029539164675,0.02857643568198,0.0570879929765937,0.053079823958612,0.230390589995798,0.510810423686419,1.18713930238376,1.99777280074777,2.07409279016469,1.76899053345445,0.923708234709332,0.000642295590993544,4.05309134504913
64,88,102,2020-11-09 05:17:55,"RVI",64,0.0263039187316416,0.276294798299734,0.431778173117844,0.622506545298483,1.26949117168697,0.431778173117844,0.475012657346858,0.0318554522313163,0.0636580416941722,0.0649452695591472,0.25484361785053,0.536498583582882,0.810573619264065,1.35399327416531,0.543492770545854,0.46020393472958,0.954336454077959,0.0188064923949619,4.01861077833648
64,86,101,2020-11-11 16:58:58,"RVI",64,0.137911077745592,0.311325522400349,0.471005167481913,0.599453417617622,1.20116141507347,0.471005167481913,0.490466833252949,0.0270243161318143,0.0540037865601018,0.0467400743931033,0.216194529054514,0.44079337153266,0.66073524526564,1.10370120224971,0.464434461260818,0.393261103145086,0.96136393817217,0.0429443430679151,4.0640688991515
72,80,109,2020-11-12 16:51:32,"RVI",72,0.0649658922207133,0.263367614593547,0.416286782624964,0.575479889277811,1.08340478237965,0.416286782624964,0.436334475035534,0.0273242414744284,0.0544829900693488,0.0537562203950068,0.231853877248164,0.531367312264938,0.645378049523472,1.14065478983928,-0.0852015210750512,-0.0762318912443522,0.959075632339618,0.0195983775331062,4.13751906293955
70,82,108,2020-11-15 05:17:13,"RVI",70,0.0895979943115354,0.286321820144268,0.446083792632305,0.652934068171162,1.05775406111819,0.446083792632305,0.496644299726011,0.0270113651694381,0.0538861991005578,0.0510729693821713,0.225993294993837,0.455040549380135,0.393245654576965,0.685693143545711,-0.818048015109472,-0.722318914591297,0.956038546868809,0.0152051241747587,4.14530045528117
66,84,103,2020-11-17 16:59:42,"RVI",66,0.0695252292122806,0.245999986173235,0.364275017322155,0.470844459203316,1.17516450935447,0.364275017322155,0.402415625847414,0.0293157737108644,0.058547642991809,0.056721362825596,0.238162471488679,0.59183206662801,1.03267299299535,1.75057404883668,0.76768976340233,0.659445319513079,0.913530301126903,0.000215497536963829,4.02678833422313
67,83,105,2020-11-18 16:50:51,"RVI",67,0.0265291103191583,0.362786952552393,0.599454329459333,0.879510445229235,1.19667361404895,0.599454329459333,0.627236194103722,0.0381247682771534,0.0761185558229663,0.0973843630645051,0.312064677694393,0.497523390116719,0.221759663106924,0.378641069243589,-1.07299945381309,-0.928206234276382,0.959804926625884,0.0295112910398704,4.07537037159105
70,82,107,2020-11-21 05:17:55,"RVI",70,0.0447729054700083,0.168115409856569,0.292054204749098,0.417072954489921,0.891936136042529,0.292054204749098,0.315115162370781,0.022689576731933,0.0452644670720936,0.0360371824591993,0.18983461870586,0.60242933814302,0.935967350509852,1.63202412374436,0.631569730200886,0.557662574300574,0.930826319596698,0.000815020672086015,4.07590176564515
70,80,107,2020-11-23 16:58:58,"RVI",70,0.111768962739631,0.316169700975008,0.442011553308008,0.660835492176255,1.0780933152467,0.442011553308008,0.492721015399124,0.0300462410140992,0.0599406107522842,0.0631943619354135,0.251384888041054,0.510197211372083,0.701352991147601,1.22293261638842,-0.518998140653935,-0.45826426653194,0.926074368542917,0.000492183874029408,4.12409635748032
73,82,106,2020-11-24 16:51:32,"RVI",73,0.051789830053506,0.303504262502666,0.431788110570399,0.591822180022059,0.895199688242047,0.431788110570399,0.447340089529918,0.0243289629220847,0.0484989011998433,0.0432085858910844,0.207866750325983,0.464672751651695,0.184852276245338,0.328884445415529,-0.786574025861841,-0.708340950578901,0.976654335137635,0.19361602899763,4.17704651419065
73,83,104,2020-11-27 05:17:25,"RVI",73,0.076637843021024,0.228678556313745,0.399985002932699,0.610060252531097,1.15291375377364,0.399985002932699,0.451159172307944,0.0322720276677792,0.0643331113780218,0.0760283151946633,0.275732325262497,0.611164179267295,0.716561677600497,1.27488822280382,-0.193890666028774,-0.174606196197128,0.935470119080158,0.00103188474191652,4.10800304839011
69,82,106,2020-11-29 16:59:41,"RVI",69,0.128763123238721,0.306789173006401,0.470751904263315,0.672283526555871,1.45697502611505,0.470751904263315,0.542691355787166,0.0360232464343619,0.07188326906901,0.0895395255732827,0.299231558451449,0.551384420003185,1.01457771070171,1.7569255720948,0.409976146396527,0.35956796448249,0.90888575566696,9.91643161606002e-05,4.09471006922951
69,85,104,2020-11-30 16:50:51,"RVI",69,0.0862269847110725,0.270693759920185,0.390382548516999,0.504456944596904,0.903828174348474,0.390382548516999,0.397530419715287,0.0201530145269027,0.0402147143630886,0.0280239356219869,0.167403511378904,0.421108682698545,0.444156818823881,0.769138198859344,-0.152855015719972,-0.134060889508949,0.978280479325918,0.272424674325005,4.14539287437862
66,87,104,2020-12-03 05:17:55,"RVI",66,0.0403822842170395,0.173313838069636,0.284488186355695,0.421484727668618,1.06148144564314,0.284488186355695,0.344869267379776,0.0305310743211415,0.0609747659106854,0.0615216689474025,0.248035620319749,0.719216363360693,1.36791480681263,2.31887168355181,1.15244073758238,0.98994631248797,0.840836083737214,6.40391809234886e-07,3.96755713859182
73,82,106,2020-12-05 16:58:58,"RVI",73,0.132607326080057,0.326999043956147,0.42905156384865,0.590757332824001,0.901788909714313,0.42905156384865,0.454724033939222,0.02088702162437,0.0416375166242602,0.0318475400805936,0.178458790987145,0.392455154483869,0.35227923472951,0.626766210829084,-0.697019502812138,-0.627693568514433,0.973774879877996,0.131746363326294,4.2135204575571
69,81,105,2020-12-06 16:51:31,"RVI",69,0.0979753964698403,0.3370023316573,0.443428951738187,0.627180890281161,1.24155839706921,0.443428951738187,0.497953439319178,0.029330424072695,0.0585279499827248,0.0593588905636047,0.243636800511755,0.489276268168496,0.906299019263828,1.56942135246375,0.434615617138869,0.381177915253091,0.938321250529339,0.00203072493101832,4.12172065465345
67,84,101,2020-12-09 05:17:24,"RVI",67,0.0989371424221384,0.286719296572515,0.427549283221407,0.575929746401395,0.99471830700919,0.427549283221407,0.436481055048654,0.0241001849316684,0.0481175717247399,0.0389148672206215,0.197268515533071,0.451952068139777,0.130459944390944,0.222752380417482,-0.460953715641387,-0.398751472846254,0.975535996126674,0.208702714101114,4.09657350906053
64,86,99,2020-12-11 16:59:41,"RVI",64,0.120872786645882,0.281656544939564,0.439001302849599,0.692111363594571,1.05790717916048,0.439001302849599,0.490957120406943,0.0318072381964649,0.0635616936336101,0.0647488257079458,0.254457905571719,0.518289469680783,0.440621349049269,0.736019935620429,-0.990762323935988,-0.838930606931958,0.942074574768286,0.0047481572670023,4.02584106400286
71,81,107,2020-12-12 16:50:50,"RVI",71,0.135360561246298,0.266527208137607,0.341612962296197,0.476292996303923,0.975161323989908,0.341612962296197,0.38426163526549,0.0205904802653834,0.0410664179904729,0.0301017193066993,0.173498470617753,0.451511300361488,1.30552984115771,2.2919737607896,2.10172802618575,1.86816547755495,0.898734587831932,3.06740866951589e-05,4.17107092697314
68,84,102,2020-12-15 05:17:54,"RVI",68,0.0728448659148079,0.367109796261407,0.516040637230102,0.666101821001885,1.31781333603427,0.516040637230102,0.527862523230952,0.0305617133918981,0.0610014352435555,0.0635132461304998,0.2520183448293,0.477431781454649,0.379014984338982,0.651755326368294,0.132280807160159,0.11522619243946,0.979694714874963,0.332458013566681,4.10026213285661
68,83,106,2020-12-17 16:58:57,"RVI",68,0.037119053235067,0.263044414967758,0.361395473543145,0.515039991376802,1.02418377093117,0.361395473543145,0.410311892940626,0.0268236181118914,0.0535401658365194,0.0489264412256559,0.221193221473118,0.539085571924004,0.969392708291911,1.6669706662752,0.316785122973583,0.275942854638901,0.914543091787179,0.000190294601958915,4.08362942247962
66,89,101,2020-12-18 16:51:31,"RVI",66,0.10433201730278,0.253032856622337,0.425991933310643,0.654038054777429,1.26712967160657,0.425991933310643,0.487791531659599,0.0361063545278171,0.0721093693613449,0.0860421432610358,0.293329410835388,0.601341744981512,0.924623089036199,1.56740923370818,0.0860040903471506,0.0738774926306856,0.911287750256656,0.000174558324204815,4.02170943991184
67,85,101,2020-12-21 05:17:23,"RVI",67,0.0861590041832241,0.274876071509626,0.493266004755111,0.759079838608474,1.05376557921161,0.493266004755111,0.517996737937935,0.0339361939244333,0.0677557973041891,0.0771615722911418,0.277779719006161,0.536257660833848,0.339856365751318,0.580283970107192,-1.21330658999451,-1.04957997594442,0.934081176950268,0.00153280996694746,4.05952444996474
64,88,101,2020-12-23 16:59:40,"RVI",64,0.112951015863286,0.392263182791247,0.662624009849188,0.824198627970208,1.29337977318248,0.662624009849188,0.627879530526494,0.0325639593378184,0.0650738801697594,0.0678663326563258,0.260511674702547,0.414907099271259,0.0572443795257582,0.0956217955033059,-0.85694257908534,-0.725618385569888,0.968028044956506,0.0954559850904166,4.06887928707029
65,87,100,2020-12-24 16:50:50,"RVI",65,0.0820220193456194,0.269542256684806,0.481208357934517,0.75200828014311,1.38886902185749,0.481208357934517,0.542992689564569,0.0402428107739232,0.080394256456162,0.105266448234076,0.324447912975375,0.597518013061194,0.593376960440607,0.998562131485578,-0.493147813075523,-0.42060500719213,0.94546813856439,0.0063460757599311,3.99728183938777
69,82,107,2020-12-27 05:17:54,"RVI",69,0.0560590510861851,0.164948780588598,0.259613646556466,0.459675128038519,1.06022931392402,0.259613646556466,0.332225618282017,0.0254359894995629,0.0507567267865535,0.0446422797657093,0.211287197354003,0.635975029398987,1.1190122237196,1.93777289861796,0.843634833714916,0.739906608205452,0.89338617982376,2.4276350444931e-05,4.05141380063536
65,87,99,2020-12-29 16:58:57,"RVI",65,0.110513325453118,0.252225121177179,0.324648087955261,0.394600946940676,0.813667815759451,0.324648087955261,0.346170702279469,0.017859348585176,0.0356781502754029,0.0207321615726439,0.1439866715104,0.415941241018592,0.971000948430702,1.63404520461918,0.714626149189931,0.609503537580696,0.9282584104093,0.00101353137947327,4.09413760278109
71,82,108,2020-12-30 16:51:30,"RVI",71,0.0322412669081153,0.254014167958334,0.416017152071226,0.699781079120001,1.39746696815513,0.416017152071226,0.501289608606561,0.0377380163690179,0.0752661003709979,0.101115209442247,0.317986178067926,0.634336265121943,0.848942609428777,1.49039426283935,-0.0499670670647676,-0.0444142860265697,0.922652859939935,0.000311774824077714,4.07149171216386
