"","EVENT_DATE","EVENT_TYPE","JULIAN_DAY","DOY","WOY","AREA","ID","WEEK","MIN","P25","P50","P75","MAX","MEDIAN","MEAN","SE.MEAN","CI.MEAN.0.95","VAR","STD.DEV","COEF.VAR","SKEWNESS","SKEW.2SE","KURTOSIS","KURT.2SE","NORMTEST.W","NORMTEST.P","ENTROPY"
"1","10/07/2020",1,2459040.5,192,28,1.3,"1",1,0.809045226130653,0.830317273795535,0.840185830429733,0.848920863309352,0.884590724513785,0.840185830429733,0.840964584473187,0.00143816466900139,0.00285473430535365,0.000200626808670897,0.0141642793205619,0.0168428963384171,0.334134714779808,0.681976382372882,0.12534081584886,0.129129543541877,0.988916998164604,0.599800482738448,4.57457084453758
"2","10/07/2020",1,2459040.5,192,28,1.3,"1",3,0.793262574988463,0.835919134931829,0.846153846153846,0.859082397003745,0.88678459937565,0.846153846153846,0.845815174982284,0.00187830205515162,0.00372840011177636,0.000342217805207521,0.0184991298500097,0.0218713619679349,-0.243025729050741,-0.496020916685585,0.0755354183217576,0.077818658057043,0.988119167542248,0.539383478713122,4.57447378304452
"3","10/07/2020",1,2459040.5,192,28,1.3,"1",4,0.818698224852071,0.859233097880928,0.868266405484819,0.882757041447218,0.899607158446093,0.868266405484819,0.867963872054144,0.00190279410665873,0.00377701644977497,0.000351200664996513,0.0187403485825775,0.0215911620125687,-0.647963989376668,-1.32250890983957,-0.127146829906839,-0.130990148719509,0.954138641720787,0.00191116065954773,4.57447915230858
"4","10/07/2020",1,2459040.5,192,28,1.3,"1",5,0.416760616309658,0.515177065767285,0.64271736091697,0.816485225505443,0.866075388026608,0.64271736091697,0.650170354648779,0.0153244765290911,0.03041884549254,0.0227794393463945,0.15092859022198,0.232136991701985,-0.0159124589798053,-0.0324776825923515,-1.60302326386433,-1.65147849842795,0.88443001225017,3.91857127862188e-07,4.54765582465626
"5","10/07/2020",1,2459040.5,192,28,1.3,"1",8,0.540667490729295,0.597030209933436,0.614945511157239,0.62827097089753,0.650495049504951,0.614945511157239,0.61247944529432,0.00205853198973664,0.00408615370439433,0.0004110427334186,0.0202741888473645,0.0331018273398906,-0.395010417116042,-0.80622504441637,0.111475052891702,0.114844654542297,0.970230976999691,0.0264715003855405,4.57416604976707
"6","10/07/2020",1,2459040.5,192,28,1.3,"1",10,0.590311418685121,0.689642983386356,0.703009373458313,0.714734362732269,0.761357702349869,0.703009373458313,0.701307890615029,0.00277884301150628,0.00551595978202378,0.000749030942811936,0.0273684296738402,0.0390248420702051,-0.933880076861443,-1.90607000175895,2.80686833308727,2.89171268097345,0.936851550461522,0.00015858279920744,4.57394690900286
"7","10/07/2020",1,2459040.5,192,28,1.3,"1",11,0.611151004126587,0.701569009578994,0.7178876485329,0.740575372380401,0.798343349097791,0.7178876485329,0.720454412324633,0.00318524056474559,0.00632265254944493,0.00101194846525151,0.031370981386692,0.0435928389757607,-0.383115873000598,-0.78194801540078,1.26156338043103,1.29969716856353,0.966513817531837,0.06654910405963,4.57373757856467
"8","10/07/2020",1,2459040.5,192,28,1.3,"1",12,0.685697808535179,0.747758171825282,0.76592082616179,0.788654060066741,0.834224598930481,0.76592082616179,0.767777036763149,0.00277568547909406,0.00550969212972241,0.000747329698248803,0.0273373315861077,0.0356058208009951,-0.115115293764986,-0.234952874170442,-0.180402251294801,-0.185855343336162,0.984529724517384,0.313561997464851,4.57408237555857
"9","10/07/2020",1,2459040.5,192,28,1.3,"1",13,0.755798453745668,0.789839572192513,0.800829875518672,0.822972627270402,0.854721549636804,0.800829875518672,0.80578654803767,0.00229954619129386,0.00456456311333952,0.000512927530531725,0.022647903446715,0.0281065792198559,0.206405506847828,0.421278228916396,-0.711863114597616,-0.733380889774418,0.97926335833621,0.128263840797458,4.57432070598602
"10","10/07/2020",1,2459040.5,192,28,1.3,"1",14,0.802051282051282,0.824765763484426,0.837402597402597,0.85586011342155,0.880392604428213,0.837402597402597,0.839969058286251,0.00193776453955621,0.00384643221044361,0.000364228346843864,0.019084767403452,0.0227207981236711,0.17179141774934,0.350630103419842,-0.934009656477304,-0.962242345303162,0.973596013068713,0.0474865315952313,4.57445581227853
"11","09/09/2020",1,2459101.5,253,37,1.3,"1",1,0.590311418685121,0.689642983386356,0.703009373458313,0.714734362732269,0.761357702349869,0.703009373458313,0.701307890615029,0.00277884301150628,0.00551595978202378,0.000749030942811936,0.0273684296738402,0.0390248420702051,-0.933880076861443,-1.90607000175895,2.80686833308727,2.89171268097345,0.936851550461522,0.00015858279920744,4.57394690900286
"12","09/09/2020",1,2459101.5,253,37,1.3,"1",2,0.611151004126587,0.701569009578994,0.7178876485329,0.740575372380401,0.798343349097791,0.7178876485329,0.720454412324633,0.00318524056474559,0.00632265254944493,0.00101194846525151,0.031370981386692,0.0435928389757607,-0.383115873000598,-0.78194801540078,1.26156338043103,1.29969716856353,0.966513817531837,0.06654910405963,4.57373757856467
"13","09/09/2020",1,2459101.5,253,37,1.3,"1",3,0.685697808535179,0.747758171825282,0.76592082616179,0.788654060066741,0.834224598930481,0.76592082616179,0.767777036763149,0.00277568547909406,0.00550969212972241,0.000747329698248803,0.0273373315861077,0.0356058208009951,-0.115115293764986,-0.234952874170442,-0.180402251294801,-0.185855343336162,0.984529724517384,0.313561997464851,4.57408237555857
"14","09/09/2020",1,2459101.5,253,37,1.3,"1",4,0.755798453745668,0.789839572192513,0.800829875518672,0.822972627270402,0.854721549636804,0.800829875518672,0.80578654803767,0.00229954619129386,0.00456456311333952,0.000512927530531725,0.022647903446715,0.0281065792198559,0.206405506847828,0.421278228916396,-0.711863114597616,-0.733380889774418,0.97926335833621,0.128263840797458,4.57432070598602
"15","09/09/2020",1,2459101.5,253,37,1.3,"1",5,0.802051282051282,0.824765763484426,0.837402597402597,0.85586011342155,0.880392604428213,0.837402597402597,0.839969058286251,0.00193776453955621,0.00384643221044361,0.000364228346843864,0.019084767403452,0.0227207981236711,0.17179141774934,0.350630103419842,-0.934009656477304,-0.962242345303162,0.973596013068713,0.0474865315952313,4.57445581227853
"16","09/09/2020",1,2459101.5,253,37,1.3,"1",9,0.511909497809265,0.542026435797125,0.552150894184273,0.563153564181073,0.607441452021055,0.552150894184273,0.553065469758533,0.0017000184461344,0.00337450994487558,0.000280548754727506,0.0167432399364082,0.0302797445431635,0.364423199325257,0.743795852796585,0.744888162557981,0.767404199258161,0.982406162107258,0.272186079005583,4.57425819363393
"17","09/09/2020",1,2459101.5,253,37,1.3,"1",14,0.528862973760933,0.558029689608637,0.571101667211507,0.589446216294578,0.634901727218583,0.571101667211507,0.573935994910554,0.0023885384984943,0.00474121144697858,0.00055339626740257,0.0235243760257859,0.0409878039265547,0.369238002621842,0.75362297338238,-0.278505878856119,-0.286924389049657,0.982698148018505,0.231600879856907,4.57388324868422
"18","13/06/2020",1,2459013.5,165,24,0.9,"2",1,0.657103511590544,0.677735232709539,0.6890859490695,0.69688203830635,0.717774125381545,0.6890859490695,0.687669175382255,0.00155983414141235,0.00311344197715292,0.00016544961331266,0.0128627218469755,0.0187048108413838,-0.152520255591275,-0.262274298030816,-0.424789180366687,-0.370022234471778,0.988636417546972,0.795903078496958,4.21933515005186
"19","13/06/2020",1,2459013.5,165,24,0.9,"2",2,0.625947767481045,0.651721657030729,0.658468719572774,0.667634676739302,0.685708638070765,0.658468719572774,0.65809269176891,0.00152925974085243,0.00305241521821601,0.000159027204139459,0.0126105988810785,0.0191623445128711,-0.411940310677667,-0.7083738182495,-0.199642378364877,-0.173903014370715,0.979628503371595,0.329894789322127,4.21932629252535
"20","13/06/2020",1,2459013.5,165,24,0.9,"2",3,0.716006021073758,0.738899050857972,0.754229552093476,0.762083925610045,0.784997611084568,0.754229552093476,0.751226971924807,0.00203857453390631,0.00406901179998022,0.00028259345685981,0.01681051625798,0.0223774130671957,-0.24522402569218,-0.421687984650783,-0.566435857090768,-0.493406779675361,0.974568317415111,0.17829916360638,4.21926050371735
"21","13/06/2020",1,2459013.5,165,24,0.9,"2",5,0.762237762237762,0.779855509265567,0.795526128885003,0.806903954431466,0.825159914712154,0.795526128885003,0.793905645114178,0.00205479483190271,0.00410138765028582,0.000287108362482558,0.0169442722618163,0.0213429295610808,-0.134119640045717,-0.230632543256427,-1.00197495016698,-0.87279296903347,0.969026106059229,0.0885268255122177,4.21928304228904
"22","13/06/2020",1,2459013.5,165,24,0.9,"2",7,0.780772220782586,0.803069341484548,0.816132321925531,0.822065874209197,0.840347666971638,0.816132321925531,0.813299888023368,0.00171662090969968,0.00342638967645507,0.000200381539638036,0.0141556186596713,0.0174051648944339,-0.263738138293986,-0.453524909310251,-0.518552013513381,-0.45169647344697,0.979603491227793,0.328930730417979,4.21935821192087
"23","13/06/2020",1,2459013.5,165,24,0.9,"2",8,0.794618341570566,0.814878717282106,0.825210363462924,0.834814852805538,0.846153846153846,0.825210363462924,0.824276014803902,0.00156405334144398,0.00312186353566335,0.00016634587413198,0.0128975142617475,0.0156470818392257,-0.429723751984866,-0.738954278315845,-0.596057518967834,-0.519209399005396,0.965558529947468,0.0570230992823615,4.21938680332249
"24","13/06/2020",1,2459013.5,165,24,0.9,"2",9,0.47842605156038,0.515202859920313,0.526614853401587,0.538857868647639,0.573754069621838,0.526614853401587,0.526822768979004,0.00228050300505916,0.00455190304947787,0.000353647189013702,0.0188055095387948,0.0356960834764989,-0.00912617917050729,-0.0156934056159894,0.165585500280633,0.144236999532515,0.988147546139038,0.769022009928588,4.2188794697887
"25","13/06/2020",1,2459013.5,165,24,0.9,"2",10,0.665663474692203,0.706112302409384,0.718514884394773,0.728492558761219,0.746966176090886,0.718514884394773,0.716628492161847,0.00216369125286231,0.00431874581624463,0.000318346068964475,0.0178422551535526,0.0248974961904292,-0.5849720230591,-1.00591968011538,0.0803884409535907,0.0700241718060552,0.969013791784456,0.0883884792061085,4.21920071485202
"26","13/06/2020",1,2459013.5,165,24,0.9,"2",12,0.779695707425641,0.81296550914903,0.824437666121984,0.832469670333282,0.846333286649794,0.824437666121984,0.821138577761973,0.00174296473077985,0.00347897216340803,0.000208415029649782,0.0143728553734631,0.0175413090467628,-0.838385502183104,-1.44169027393674,0.303299988960731,0.264196323300039,0.935640158595801,0.00611581161856546,4.2193534117513
"27","13/06/2020",1,2459013.5,165,24,0.9,"2",14,0.754246284501062,0.794689847484148,0.809235228311629,0.817769733383199,0.84341155234657,0.809235228311629,0.806594247273571,0.00197391246206196,0.00393994576439031,0.000264950467736079,0.016277299153609,0.02018028173227,-0.622489028458303,-1.07043403735369,0.570742284127193,0.497157990460043,0.967963474694454,0.0773513172530542,4.21930617467015
"28","13/06/2020",1,2459013.5,165,24,0.9,"2",15,0.661687799813502,0.714188621623612,0.732019727438686,0.744317035059593,0.778578802691512,0.732019727438686,0.72799819765301,0.00276166537917181,0.00551230716784937,0.000518898468477603,0.0227732761218737,0.0312978621552198,-0.545787455276933,-0.938537777502724,0.0661650433861415,0.0576345592807435,0.96691864605856,0.179747382910054,4.21902148202961
"29","01/07/2020",1,2459031.5,183,27,0.8,"3",2,0.889246323529412,0.903761021719959,0.917196146751384,0.92290416696253,0.931485148514852,0.917196146751384,0.914111898482771,0.00162054477853049,0.00324387281702476,0.000154943757374124,0.0124476406348402,0.013617195723522,-0.479384486406017,-0.770277566749254,-1.07263500963465,-0.874539892787637,0.924079020224685,0.00124945964250618,4.07744609400959
"30","01/07/2020",1,2459031.5,183,27,0.8,"3",4,0.860010293360782,0.883433688293399,0.891213389121339,0.899155749106561,0.909090909090909,0.891213389121339,0.889040589214122,0.00175647169024374,0.00351596009276704,0.000182026375119035,0.0134917150547673,0.015175589527013,-0.669829092242443,-1.07628498197453,-0.439808334732608,-0.358584169311398,0.926110951426259,0.00151314533286612,4.0774238447082
"31","01/07/2020",1,2459031.5,183,27,0.8,"3",5,0.871078151739874,0.896707649638717,0.901196278245459,0.906390850725827,0.917464114832536,0.901196278245459,0.900448151713934,0.00116938849168855,0.0023407853895712,8.06806972251242e-05,0.00898224344054002,0.00997530332362059,-0.892266415727048,-1.4336984676976,1.21860582182754,0.993552695184208,0.947152241555851,0.0124369755848158,4.07748838270656
"32","01/07/2020",1,2459031.5,183,27,0.8,"3",6,0.849365106975126,0.868933379864715,0.873198847262248,0.879239980015675,0.895186462953836,0.873198847262248,0.872506760875511,0.00118360867874187,0.00236925018662365,8.26548407591921e-05,0.00909147076985853,0.0104199430623732,-0.673270139435107,-1.08181407507996,0.532821719234822,0.434419765371317,0.932836809578418,0.00289415087471019,4.07748394598216
"33","01/07/2020",1,2459031.5,183,27,0.8,"3",7,0.809504132231405,0.845784061627995,0.85,0.853124360758258,0.867235305025033,0.85,0.847346229620819,0.00163273815680507,0.00326828051550777,0.000157284199432545,0.0125412997505261,0.0148006792408083,-1.34049577232074,-2.15391580458103,1.66843688916809,1.36030859059224,0.848618957487169,3.24861342121755e-06,4.07742902686756
"34","01/07/2020",1,2459031.5,183,27,0.8,"3",9,0.468085106382979,0.488035572822072,0.497556207233627,0.510525977567003,0.551010101010101,0.497556207233627,0.500168053294551,0.00243959207837119,0.00488337411745783,0.000351144961022237,0.0187388623193148,0.0374651323607816,0.675158631080522,1.08484851359582,0.111970582117461,0.0912917628091656,0.961074748747931,0.0564928718922223,4.07685294498241
"35","01/07/2020",1,2459031.5,183,27,0.8,"3",11,0.701388888888889,0.736758938511181,0.760255241567913,0.787446282232339,0.810536044362292,0.760255241567913,0.760488851241443,0.00380298725604907,0.00761250608241494,0.000853300012110628,0.0292112993909998,0.0384112131865109,-0.195373713644286,-0.313927532117146,-1.25869225800267,-1.0262359353171,0.944683934589789,0.00959930739321008,4.0768100712818
"36","01/07/2020",1,2459031.5,183,27,0.8,"3",12,0.559276006650762,0.710168975495747,0.760456670143684,0.769240315053013,0.800847965967281,0.760456670143684,0.732363157458409,0.00823352634195843,0.0164811936348685,0.00493415653148338,0.063242915851498,0.091240157470567,-0.987037653216781,-1.58597740095782,0.263690835718057,0.214992195039858,0.806631497040502,0.00200107306224115,4.07169318280071
"37","01/07/2020",1,2459031.5,183,27,0.8,"3",13,0.800580321814825,0.818797688112528,0.84794776119403,0.859360730593607,0.879298868426892,0.84794776119403,0.840556110520955,0.00299702207062461,0.00599919147913844,0.000529946336216851,0.0230205633340466,0.0273873011520659,-0.352393289664777,-0.56622742996287,-1.27771560046845,-1.04174603123142,0.916807745836534,0.000640010277544654,4.07716748015124
"38","01/07/2020",1,2459031.5,183,27,0.8,"3",14,0.858869018849686,0.867905639255952,0.879948364888124,0.887455049411784,0.898922949461475,0.879948364888124,0.878408262689742,0.00150524186984274,0.00301306896873167,0.000133679432116932,0.0115619821880563,0.0131624242156521,-0.0539083763167201,-0.0866202685196554,-1.2886187295901,-1.05063556148863,0.948742424635569,0.0147192101473654,4.07745226264455
"39","01/07/2020",1,2459031.5,183,27,0.8,"3",15,0.878293308463511,0.887650150996662,0.896616936331162,0.904093648156681,0.913424657534246,0.896616936331162,0.896071270319361,0.0012338710138947,0.00246986118169303,8.98238230568427e-05,0.00947754309179561,0.0105767737519559,-0.032222996393596,-0.0517760836223788,-1.11949759293597,-0.912747855615595,0.968120997644383,0.124066446669612,4.07748244955259
"40","10/09/2020",1,2459102.5,254,37,0.8,"3",1,0.701388888888889,0.736758938511181,0.760255241567913,0.787446282232339,0.810536044362292,0.760255241567913,0.760488851241443,0.00380298725604907,0.00761250608241494,0.000853300012110628,0.0292112993909998,0.0384112131865109,-0.195373713644286,-0.313927532117146,-1.25869225800267,-1.0262359353171,0.944683934589789,0.00959930739321008,4.0768100712818
"41","10/09/2020",1,2459102.5,254,37,0.8,"3",2,0.559276006650762,0.710168975495747,0.760456670143684,0.769240315053013,0.800847965967281,0.760456670143684,0.732363157458409,0.00823352634195843,0.0164811936348685,0.00493415653148338,0.063242915851498,0.091240157470567,-0.987037653216781,-1.58597740095782,0.263690835718057,0.214992195039858,0.806631497040502,0.00200107306224115,4.07169318280071
"42","10/09/2020",1,2459102.5,254,37,0.8,"3",3,0.800580321814825,0.818797688112528,0.84794776119403,0.859360730593607,0.879298868426892,0.84794776119403,0.840556110520955,0.00299702207062461,0.00599919147913844,0.000529946336216851,0.0230205633340466,0.0273873011520659,-0.352393289664777,-0.56622742996287,-1.27771560046845,-1.04174603123142,0.916807745836534,0.000640010277544654,4.07716748015124
"43","10/09/2020",1,2459102.5,254,37,0.8,"3",4,0.858869018849686,0.867905639255952,0.879948364888124,0.887455049411784,0.898922949461475,0.879948364888124,0.878408262689742,0.00150524186984274,0.00301306896873167,0.000133679432116932,0.0115619821880563,0.0131624242156521,-0.0539083763167201,-0.0866202685196554,-1.2886187295901,-1.05063556148863,0.948742424635569,0.0147192101473654,4.07745226264455
"44","10/09/2020",1,2459102.5,254,37,0.8,"3",5,0.878293308463511,0.887650150996662,0.896616936331162,0.904093648156681,0.913424657534246,0.896616936331162,0.896071270319361,0.0012338710138947,0.00246986118169303,8.98238230568427e-05,0.00947754309179561,0.0105767737519559,-0.032222996393596,-0.0517760836223788,-1.11949759293597,-0.912747855615595,0.968120997644383,0.124066446669612,4.07748244955259
"45","10/09/2020",1,2459102.5,254,37,0.8,"3",6,0.863243384857218,0.882014835450686,0.884770642201835,0.891911819808874,0.908584169453735,0.884770642201835,0.886371979411681,0.00104593968912344,0.00209367576307982,6.45454001637345e-05,0.00803401519563751,0.00906393182800069,0.0327938075365933,0.0526932660318425,0.458370168668977,0.373717988471546,0.987091956155771,0.785807301996424,4.07749706482637
"46","10/09/2020",1,2459102.5,254,37,0.8,"3",9,0.525606567915785,0.540690863019124,0.551884924176816,0.562622119764734,0.588164213499851,0.551884924176816,0.552067137389146,0.00195755560942145,0.0039184732895655,0.000228589482013475,0.015036269945524,0.0278955144566576,0.185683117852297,0.298356630766194,-0.466416832255148,-0.380278587600549,0.95365296087943,0.0386788315577216,4.07713939034281
"47","10/09/2020",1,2459102.5,254,37,0.8,"3",14,0.667021843367075,0.69403718683294,0.706426735218509,0.718185220576525,0.754050073637703,0.706426735218509,0.706757592161277,0.00257237343867647,0.0051491648879495,0.000390409201372485,0.0197587753004199,0.0279569339184561,0.302151784451278,0.485499109620654,-0.287903358328493,-0.234733129036652,0.981842706385837,0.522799721764232,4.07715423643613
"48","27/06/2020",1,2459027.5,179,26,1.3,"4",1,0.724988784208165,0.793177892918826,0.812887490091417,0.83538237132736,0.882533001721829,0.812887490091417,0.812854588290327,0.003317533074624,0.00658109321346226,0.00112261462152486,0.0335054416703446,0.0412194778168336,-0.00961619420912035,-0.0201117607520445,-0.322970443302925,-0.34080804584865,0.990063724377115,0.656510747574374,4.62413085781331
"49","27/06/2020",1,2459027.5,179,26,1.3,"4",3,0.762596899224806,0.838846880907372,0.860918804615216,0.876306620209059,0.921471927162367,0.860918804615216,0.857118697516157,0.00296191875016686,0.00587565005294152,0.000894842193624182,0.0299139130443374,0.0349005489333332,-0.342419247231112,-0.716151715267537,-0.00944348562485686,-0.00996504772663863,0.98639466621873,0.384010706804,4.6243669538579
"50","27/06/2020",1,2459027.5,179,26,1.3,"4",5,0.784022898776997,0.841691248770895,0.855190628641749,0.870718983896575,0.904054596547571,0.855190628641749,0.857070338311245,0.0020968685143392,0.00415962308101614,0.000448479471775564,0.0211773339156647,0.0247089800790355,-0.0257247070145874,-0.053801861905319,0.341515306020992,0.360377138174377,0.975212616385964,0.0518528459326693,4.62467036910606
"51","27/06/2020",1,2459027.5,179,26,1.3,"4",6,0.854766305782942,0.87099926704129,0.878860592598704,0.885995777621393,0.902192242833052,0.878860592598704,0.879013569524688,0.00101989980588444,0.00202320686484138,0.000106099952632399,0.0103004831261645,0.0117182299378317,0.175224747238973,0.36647327598327,-0.559232793164124,-0.590119125030848,0.988265034165002,0.513347915844143,4.62490487111655
"52","27/06/2020",1,2459027.5,179,26,1.3,"4",8,0.756268237161758,0.766658895749925,0.771790740475336,0.779470346055414,0.792574942955679,0.771790740475336,0.772968280072282,0.000835009392245342,0.0016564340191562,7.37415991238068e-05,0.00843318148056055,0.0109912975442794,0.185789751306405,0.388569422288953,-0.800085190546687,-0.844273759276819,0.97714845464951,0.0746606096406781,4.62491004997661
"53","27/06/2020",1,2459027.5,179,26,1.3,"4",9,0.414274631497285,0.436541143654114,0.442688927303004,0.453023255813954,0.473867595818815,0.442688927303004,0.444270620375072,0.00113755990670835,0.00225661285465664,0.000131992339217732,0.0114887918954837,0.0258598956775138,0.199662265418626,0.417583050631623,-0.251350330809723,-0.265232366747343,0.991278324489775,0.755690110109953,4.62464219772545
"54","27/06/2020",1,2459027.5,179,26,1.3,"4",10,0.591816367265469,0.623627044178667,0.63378898325038,0.644952759820985,0.714351005484461,0.63378898325038,0.638120771571367,0.00224417657296361,0.00445184264389457,0.000513705506045145,0.0226650723812024,0.0355184682758248,1.18710268521913,2.48276237709436,1.63679194415873,1.72719168430636,0.911259296003446,4.10772420523072e-06,4.62435649597149
"55","27/06/2020",1,2459027.5,179,26,1.3,"4",12,0.78319783197832,0.803301557777261,0.814229375100026,0.820785219399538,0.859046849757674,0.814229375100026,0.814181336983948,0.00139435542495431,0.00276602608562121,0.000198311159212151,0.014082299500158,0.0172962690993685,0.708859454765509,1.48254199645295,0.983244130296373,1.03754853605648,0.959078925821451,0.00306778859164471,4.62482528144844
"56","27/06/2020",1,2459027.5,179,26,1.3,"4",13,0.752776396678547,0.784639502570182,0.795114393236491,0.805865054039404,0.857916730987673,0.795114393236491,0.796482852160201,0.00182779095698562,0.00362584558829427,0.000359533702734987,0.0184597837963698,0.0233950696632471,0.628793362152499,1.31508800540765,1.17438525205116,1.23924634939313,0.96538893834672,0.0291023677337957,4.62468428403679
"57","27/06/2020",1,2459027.5,179,26,1.3,"4",14,0.804531804531805,0.843827466534457,0.852315933581461,0.860965121834687,0.894853103600619,0.852315933581461,0.851886861451041,0.00132557053877994,0.00262957537438234,0.000179227999834698,0.0133876062025553,0.015715239673672,-0.16579537164222,-0.346752236461917,1.8161445457205,1.91644989948862,0.970309624100807,0.0212815616632259,4.62485040767339
"58","27/06/2020",1,2459027.5,179,26,1.3,"4",15,0.820095214232022,0.846637639090469,0.8542197578208,0.861757397786311,0.878484320557491,0.8542197578208,0.854183809812621,0.00114582728205699,0.0022730131034488,0.000133917856351222,0.0115722882936445,0.0135477729274488,-0.262222075616111,-0.548423579433736,-0.132161515986721,-0.139460773992818,0.991243217183323,0.752881183348629,4.62488182513965
"59","18/09/2020",1,2459110.5,262,38,1.3,"4",1,0.752776396678547,0.784639502570182,0.795114393236491,0.805865054039404,0.857916730987673,0.795114393236491,0.796482852160201,0.00182779095698562,0.00362584558829427,0.000359533702734987,0.0184597837963698,0.0233950696632471,0.628793362152499,1.31508800540765,1.17438525205116,1.23924634939313,0.96538893834672,0.0291023677337957,4.62468428403679
"60","18/09/2020",1,2459110.5,262,38,1.3,"4",2,0.804531804531805,0.843827466534457,0.852315933581461,0.860965121834687,0.894853103600619,0.852315933581461,0.851886861451041,0.00132557053877994,0.00262957537438234,0.000179227999834698,0.0133876062025553,0.015715239673672,-0.16579537164222,-0.346752236461917,1.8161445457205,1.91644989948862,0.970309624100807,0.0212815616632259,4.62485040767339
"61","18/09/2020",1,2459110.5,262,38,1.3,"4",3,0.820095214232022,0.846637639090469,0.8542197578208,0.861757397786311,0.878484320557491,0.8542197578208,0.854183809812621,0.00114582728205699,0.0022730131034488,0.000133917856351222,0.0115722882936445,0.0135477729274488,-0.262222075616111,-0.548423579433736,-0.132161515986721,-0.139460773992818,0.991243217183323,0.752881183348629,4.62488182513965
"62","18/09/2020",1,2459110.5,262,38,1.3,"4",4,0.825284861638633,0.846621108580106,0.853493592675735,0.86449864498645,0.890074211502783,0.853493592675735,0.854986112431034,0.00130016956282298,0.00257918667087118,0.000172424970993312,0.0131310689204387,0.0153582248056666,0.185986438846366,0.38898078385888,-0.380961887608908,-0.40200234774124,0.990313912588594,0.677095599519929,4.62485613221603
"63","18/09/2020",1,2459110.5,262,38,1.3,"4",5,0.799740596627756,0.819415448851774,0.829214553505084,0.838709677419355,0.861914368975566,0.829214553505084,0.829449431809041,0.00133984576350159,0.00265789358023683,0.000183109040337263,0.0135317789051278,0.0163141698410895,0.234297301464019,0.490020393663101,-0.340988806681579,-0.35982156036617,0.989042403205695,0.573650736367282,4.62484119581598
"64","18/09/2020",1,2459110.5,262,38,1.3,"4",8,0.602101688426939,0.632932759923327,0.648813847569869,0.663912579655844,0.71120652707191,0.648813847569869,0.649259860821281,0.00227284207525918,0.00450870728951358,0.000542466755475232,0.0229545797631972,0.0352054847259475,0.321073436065087,0.671508082049084,-0.0913605642189125,-0.096406392611827,0.98400731836048,0.422067518386153,4.62436073436133
"65","18/09/2020",1,2459110.5,262,38,1.3,"4",10,0.288079470198676,0.35234215885947,0.384857347189975,0.421823334907888,0.461246612466125,0.384857347189975,0.385709179711685,0.0043784571952359,0.00868568128330351,0.00195543051587233,0.044220250065692,0.11464661043003,-0.218143694634382,-0.456235980747218,-0.97894794587469,-1.03301507410131,0.966124161871139,0.0101475827759179,4.61837974004382
"66","18/09/2020",1,2459110.5,262,38,1.3,"4",13,0.641800060404711,0.68176400476758,0.708150672736372,0.733076499724821,0.781719635378172,0.708150672736372,0.707858720452492,0.00321143857131102,0.00637063025799713,0.00105196044512503,0.0324339397102021,0.0458197925279059,0.0153479498202265,0.0320994239619267,-0.74788736573026,-0.789193057490892,0.984777485574546,0.293087421514627,4.62393279916453
"67","25/07/2020",1,2459055.5,207,30,1.2,"5",1,0.801348547717842,0.831895473868467,0.846627343462944,0.857483662229876,0.887767460637868,0.846627343462944,0.844003925359308,0.00202342322390615,0.00402177275699552,0.000360293255787763,0.0189813923564043,0.0224896967728243,-0.365516697241263,-0.711648539999757,-0.399926602574606,-0.39337336195147,0.968405475716852,0.0301824434127269,4.47708604620004
"68","25/07/2020",1,2459055.5,207,30,1.2,"5",2,0.826525198938992,0.840919537995812,0.851544019236613,0.861225448133823,0.884472049689441,0.851544019236613,0.851698439572385,0.00139133423081461,0.00276542743962547,0.00017035136288161,0.0130518720067893,0.0153245226248651,0.0550456327407014,0.1071719690754,-0.789200127712971,-0.776268208947333,0.981513798289588,0.242740234757807,4.47722075119316
"69","25/07/2020",1,2459055.5,207,30,1.2,"5",3,0.797994619711421,0.818584838853874,0.826913223507754,0.833786514696792,0.8487028558971,0.826913223507754,0.825480322686234,0.00114771899359153,0.00228121577659959,0.000115918782166066,0.0107665585107808,0.0130427803242418,-0.467306823087495,-0.909830442472597,-0.0957512547987065,-0.0941822643674036,0.974939674663783,0.0856970561863426,4.47725254410199
"70","25/07/2020",1,2459055.5,207,30,1.2,"5",4,0.430128840436075,0.461464659693837,0.480284670935752,0.495831890771973,0.515029047739328,0.480284670935752,0.477484669261563,0.00225443031701087,0.00448092436835628,0.000447256132774681,0.021148430976663,0.0442913298334152,-0.236690879404401,-0.460829067538383,-1.02893214457638,-1.01207195101866,0.965592326863899,0.0194138903146954,4.47636302890581
"71","25/07/2020",1,2459055.5,207,30,1.2,"5",5,0.52,0.576657815515637,0.589217305777664,0.614089042951954,0.658507101843457,0.589217305777664,0.594431676513644,0.00265760568102126,0.00528227906079602,0.00062153238011009,0.0249305511393168,0.0419401457296742,0.0829793965989785,0.161558054352701,-0.0126583033077852,-0.0124508829788485,0.984005388677619,0.352488118529324,4.47646756261156
"72","25/07/2020",1,2459055.5,207,30,1.2,"5",8,0.856,0.884739474675679,0.892269379380245,0.902268826480997,0.916539634146341,0.892269379380245,0.89270197021396,0.00132942565071976,0.00264237743312754,0.000155528785349666,0.012471118047299,0.0139700801201435,-0.29541992205348,-0.575172510046601,-0.0336219471129287,-0.0330710142461703,0.980490174123021,0.207183926356966,4.47724019803817
"73","25/07/2020",1,2459055.5,207,30,1.2,"5",9,0.823043501209328,0.853419467959897,0.86960546788784,0.884737814230238,0.906435163905122,0.86960546788784,0.869094715535323,0.00212797153745953,0.0042295738508404,0.000419758860485689,0.0199621424715118,0.023099179810442,-0.0798657983975248,-0.15549598487425,-0.700222767569607,-0.688748841463815,0.981039689260921,0.25753455986342,4.47705593537778
"74","25/07/2020",1,2459055.5,207,30,1.2,"5",10,0.819833852544133,0.849126431832144,0.85759392769502,0.871806048722765,0.896621896621897,0.85759392769502,0.859473327637619,0.00176719041038591,0.00351248229482783,0.000274820651297274,0.0165777155029658,0.0192882256724964,-0.0370655583420369,-0.0721653776078402,-0.374184882329856,-0.368053448322563,0.9909085210945,0.8066929437583,4.47715283579072
"75","25/07/2020",1,2459055.5,207,30,1.2,"5",11,0.827283511269276,0.844244169654006,0.854437427791702,0.866667523675953,0.895384615384615,0.854437427791702,0.856215963338127,0.0015730304151126,0.00312656828026929,0.000217749372444499,0.0147563332994514,0.0172343590067171,0.426688504014407,0.830747960923122,-0.19690053311763,-0.193674099656998,0.979191300142439,0.168979099999518,4.47719033421182
"76","25/07/2020",1,2459055.5,207,30,1.2,"5",12,0.829356145880234,0.869060557291566,0.879538166849061,0.888613173720133,0.906040268456376,0.879538166849061,0.879402808932707,0.00149607481648294,0.00297361069511835,0.000196965107373273,0.0140344257942131,0.0159590413535818,-0.297555192170607,-0.579329808120335,0.441528917024246,0.434293976370873,0.971532929819473,0.0496240621486376,4.47721069558659
"77","09/09/2020",1,2459101.5,253,37,1.2,"5",1,0.856,0.884739474675679,0.892269379380245,0.902268826480997,0.916539634146341,0.892269379380245,0.89270197021396,0.00132942565071976,0.00264237743312754,0.000155528785349666,0.012471118047299,0.0139700801201435,-0.29541992205348,-0.575172510046601,-0.0336219471129287,-0.0330710142461703,0.980490174123021,0.207183926356966,4.47724019803817
"78","09/09/2020",1,2459101.5,253,37,1.2,"5",2,0.823043501209328,0.853419467959897,0.86960546788784,0.884737814230238,0.906435163905122,0.86960546788784,0.869094715535323,0.00212797153745953,0.0042295738508404,0.000419758860485689,0.0199621424715118,0.023099179810442,-0.0798657983975248,-0.15549598487425,-0.700222767569607,-0.688748841463815,0.981039689260921,0.25753455986342,4.47705593537778
"79","09/09/2020",1,2459101.5,253,37,1.2,"5",3,0.819833852544133,0.849126431832144,0.85759392769502,0.871806048722765,0.896621896621897,0.85759392769502,0.859473327637619,0.00176719041038591,0.00351248229482783,0.000274820651297274,0.0165777155029658,0.0192882256724964,-0.0370655583420369,-0.0721653776078402,-0.374184882329856,-0.368053448322563,0.9909085210945,0.8066929437583,4.47715283579072
"80","09/09/2020",1,2459101.5,253,37,1.2,"5",4,0.827283511269276,0.844244169654006,0.854437427791702,0.866667523675953,0.895384615384615,0.854437427791702,0.856215963338127,0.0015730304151126,0.00312656828026929,0.000217749372444499,0.0147563332994514,0.0172343590067171,0.426688504014407,0.830747960923122,-0.19690053311763,-0.193674099656998,0.979191300142439,0.168979099999518,4.47719033421182
"81","09/09/2020",1,2459101.5,253,37,1.2,"5",5,0.829356145880234,0.869060557291566,0.879538166849061,0.888613173720133,0.906040268456376,0.879538166849061,0.879402808932707,0.00149607481648294,0.00297361069511835,0.000196965107373273,0.0140344257942131,0.0159590413535818,-0.297555192170607,-0.579329808120335,0.441528917024246,0.434293976370873,0.971532929819473,0.0496240621486376,4.47721069558659
"82","09/09/2020",1,2459101.5,253,37,1.2,"5",9,0.46159691149187,0.503330040185138,0.52910132670483,0.561955709184612,0.609973344216184,0.52910132670483,0.534354452609646,0.00391690661614427,0.00778527602845937,0.00139602838786938,0.0367438410442395,0.0684878809136005,0.180498582271454,0.351424582009506,-0.970311803406373,-0.954412169107841,0.966229614797014,0.0222474225640448,4.47496038762901
"83","09/09/2020",1,2459101.5,253,37,1.2,"5",11,0.480613668061367,0.557693021435632,0.591047354551362,0.615878185562917,0.648562300319489,0.591047354551362,0.58508021855376,0.00460097295326571,0.00914493194527824,0.00186286778626807,0.0431609521010376,0.0737692896330109,-0.69329190950234,-1.3498156962863,-0.292440949408652,-0.287648980339339,0.940891768585087,0.000561170889780771,4.47459321176003
"84","09/09/2020",1,2459101.5,253,37,1.2,"5",14,0.684411684411684,0.731903889237993,0.746833930225093,0.773246080375703,0.814338235294118,0.746833930225093,0.750940811020198,0.00286809348112417,0.00570064635545403,0.000723884499049093,0.0269051017290233,0.0358285251436409,0.30832037345077,0.600289248820807,-0.514381335500621,-0.505952627227942,0.975019694080649,0.086805355374567,4.47670429134973
"85","30/06/2020",1,2459030.5,182,27,1.3,"6",2,0.741290983606557,0.76419878296146,0.778217821782178,0.821180970595267,0.897493285586392,0.778217821782178,0.794553856240237,0.00389601649125908,0.00772594690596621,0.00159378917251709,0.0399222891692985,0.0502449127340561,0.944728654187403,2.00388858178032,-0.243675711378404,-0.260720725408705,0.876936315760035,7.69630117361695e-08,4.65272867999655
"86","30/06/2020",1,2459030.5,182,27,1.3,"6",4,0.773613193403298,0.795422031473534,0.810656098634963,0.836671802773498,0.878537735849057,0.810656098634963,0.817421550121771,0.00266603507654596,0.00528684760371256,0.000746313018084212,0.0273187301696878,0.0334206140829272,0.5897649386403,1.25096578921087,-0.728351217597365,-0.779299080446341,0.936404942109328,7.86040380532078e-05,4.65341063872082
"87","30/06/2020",1,2459030.5,182,27,1.3,"6",5,0.822855688470349,0.835688121402407,0.849847022828901,0.865734265734266,0.909483568075117,0.849847022828901,0.852600720502572,0.00185847057349819,0.00368541688911265,0.000362660851618663,0.0190436564666207,0.0223359610292087,0.664872803188148,1.41027903910779,-0.157184724483471,-0.168179730177777,0.946064108365191,0.000321296451974772,4.65371445547298
"88","30/06/2020",1,2459030.5,182,27,1.3,"6",6,0.786624203821656,0.808155339805825,0.818319454958365,0.836704119850187,0.883921806334293,0.818319454958365,0.82256585019764,0.00184093247473376,0.00365063818111961,0.000355848399535585,0.018863944432053,0.0229330508037995,0.482177964160406,1.02276025235861,-0.0612040979915371,-0.065485299031544,0.972055557882785,0.0255687727529332,4.65370079504992
"89","30/06/2020",1,2459030.5,182,27,1.3,"6",7,0.799441600744532,0.816286960736791,0.825116279069767,0.83717549325026,0.874454148471616,0.825116279069767,0.827244162971674,0.00141073270025457,0.00279753588444252,0.000208967508914592,0.0144557085234378,0.0174745367456074,0.433558829555598,0.91963293822584,0.036134229769488,0.0386618040193424,0.982300226377816,0.175006486499577,4.65380948685809
"90","30/06/2020",1,2459030.5,182,27,1.3,"6",9,0.54379746835443,0.570947570947571,0.580135440180587,0.587122143032686,0.653061224489796,0.580135440180587,0.580701514453063,0.00150243931256575,0.0029793935380823,0.000237019008234021,0.0153954216647035,0.0265117642739467,1.74308048808072,3.69729347332376,6.64495033401507,7.10976182890407,0.872175763653319,4.85092507660777e-08,4.6536173003545
"91","30/06/2020",1,2459030.5,182,27,1.3,"6",11,0.675071633237822,0.70344627859832,0.72170151405912,0.737577135433582,0.877848337691446,0.72170151405912,0.726466106368423,0.00352675157357137,0.00699368071697755,0.00130598754947725,0.0361384497381563,0.0497455413561014,1.98246654795398,4.20506148680698,4.95586022236047,5.30252057083962,0.817979507159554,4.72518766751086e-10,4.6527718166845
"92","30/06/2020",1,2459030.5,182,27,1.3,"6",12,0.666137428395914,0.704622789462699,0.723362639970244,0.740981189557829,0.86224629446427,0.723362639970244,0.72900151370615,0.0034868005487405,0.00691445633551645,0.001320839474849,0.0357290735536648,0.0488332442497297,1.25665553488935,2.66552482179319,2.22474529279609,2.38036529494997,0.912376702039769,3.30988070074523e-05,4.65277236590966
"93","30/06/2020",1,2459030.5,182,27,1.3,"6",13,0.712865819988956,0.759822090437361,0.778550148957299,0.79436964504284,0.87941557240614,0.778550148957299,0.77917592923316,0.00279187554737868,0.00553639397972422,0.000818429752565355,0.0286082112786758,0.0367159844206572,0.743448154720976,1.57694726606174,1.36717530898289,1.46280864967028,0.958933997720888,0.00250342903208929,4.65329823532682
"94","30/06/2020",1,2459030.5,182,27,1.3,"6",14,0.776769967246158,0.805402820941908,0.815968841285297,0.825251601097896,0.881944444444444,0.815968841285297,0.816246738235651,0.00173760402774811,0.00344573399319377,0.000317023114510877,0.017805142923068,0.0218134322491193,0.571859915025814,1.21298697675658,1.26392243307342,1.35233327830326,0.971149275092131,0.0216235321179984,4.65372561378282
"95","30/06/2020",1,2459030.5,182,27,1.3,"6",15,0.811483253588517,0.842790697674419,0.852520360994937,0.86046511627907,0.902251701867691,0.852520360994937,0.852978334036453,0.0015737126583121,0.00312073125733536,0.000260040010747832,0.0161257561294915,0.0189052353219588,0.439772532426834,0.932812985405583,1.04201081207228,1.11489903228523,0.971105593398204,0.0214500572572587,4.65378380086298
"96","09/07/2020",1,2459039.5,191,28,1.2,"7",1,0.653669169290385,0.857568027210884,0.87265672496718,0.878250352751461,0.899172310007524,0.87265672496718,0.861151985830711,0.00407110487105593,0.00808440743933499,0.00155794611788672,0.0394708261616947,0.0458349127809525,-3.37568199601455,-6.78565990188828,12.2202554648934,12.4026893862035,0.56943666291816,3.60307365703369e-15,4.54219493283159
"97","09/07/2020",1,2459039.5,191,28,1.2,"7",3,0.793388429752066,0.872489082969432,0.889890342407505,0.896831245394252,0.910522788203754,0.889890342407505,0.880426432182221,0.00272382597217618,0.00540897855750973,0.000697407425109941,0.0264084726008518,0.0299950928726616,-1.82214098828897,-3.66279437885957,2.78264816136951,2.82418979829873,0.763296874732235,5.30161144784516e-11,4.54284110777506
"98","09/07/2020",1,2459039.5,191,28,1.2,"7",4,0.785521472392638,0.893005671077505,0.902380311150078,0.908385933273219,0.918981896397204,0.902380311150078,0.892803174147338,0.00284552483953676,0.0056506483891182,0.000761119091567546,0.0275883868968004,0.030900861125576,-2.34522876326016,-4.71428434265964,5.29812602536857,5.37722076354158,0.686106336693367,7.0995411146687e-13,4.54281022263131
"99","09/07/2020",1,2459039.5,191,28,1.2,"7",5,0.74859287054409,0.862377122430742,0.868535547058233,0.878675102344622,0.890133333333333,0.868535547058233,0.860479346522663,0.00313084681684616,0.00621724128933195,0.00092140696831224,0.0303546861013623,0.0352764842340848,-1.84122181019243,-3.70114987805595,2.60509911332845,2.64399015353717,0.737592625830066,1.14669042002666e-11,4.54266494471911
"100","09/07/2020",1,2459039.5,191,28,1.2,"7",6,0.781302170283806,0.838851674641148,0.85226518460854,0.862218999274837,0.879884960243614,0.85226518460854,0.846017969158577,0.00246906778528816,0.00490307928776805,0.000573051798464691,0.0239385003386739,0.0282954986907458,-1.26682073802761,-2.54651199226214,0.95687851405194,0.971163575443445,0.860802024780831,6.30816058400584e-08,4.54289372067827
"101","09/07/2020",1,2459039.5,191,28,1.2,"7",8,0.425555311194194,0.472959685349066,0.489924318878473,0.503692762186115,0.771937261551505,0.489924318878473,0.495644998161933,0.00522573865402561,0.0103772813004612,0.00256698438113668,0.0506654160264838,0.102221178896939,3.42205095377844,6.87886891202675,14.1101092863339,14.3207564838998,0.616657529333249,2.65654436532859e-14,4.53861390510328
"102","09/07/2020",1,2459039.5,191,28,1.2,"7",10,0.571387031113696,0.592045796926785,0.603853241911819,0.613683279268652,0.772802262550082,0.603853241911819,0.610906891255717,0.00388572396139126,0.0077162776925778,0.00141929196618824,0.0376734915582328,0.0616681397729776,2.76356418206263,5.55520534181152,8.10468250315758,8.22567580106956,0.655498592154677,1.5752766583992e-13,4.5415098211811
"103","09/07/2020",1,2459039.5,191,28,1.2,"7",11,0.642447589437322,0.73280570057732,0.752408104747867,0.765569721354792,0.788222530430824,0.752408104747867,0.743696141111772,0.00324778118147022,0.00644944976276178,0.00112221758062031,0.031488406829418,0.0417623892293876,-0.9860946056311,-1.98220763472367,0.4975201128126,0.504947498056041,0.900758962693192,0.00518124106180944,4.54231801509647
"104","09/07/2020",1,2459039.5,191,28,1.2,"7",12,0.7228444907528,0.812309257375382,0.827473744108144,0.838999055712937,0.852673618815176,0.827473744108144,0.822013469244804,0.00256699136148828,0.00509753610305349,0.000619407797095814,0.0248879046344969,0.0302767601330935,-1.51473389491825,-3.04485702886497,2.41975947851253,2.45588361777955,0.862826585663007,7.52519835721918e-08,4.5428339084112
"105","09/07/2020",1,2459039.5,191,28,1.2,"7",13,0.767260307392047,0.855388180764774,0.8614719306377,0.86643688065489,0.875190258751903,0.8614719306377,0.857853519821566,0.00163352088117474,0.00324384872960858,0.000250828704107986,0.0158375725446795,0.0184618611205019,-3.06864720715121,-6.16847094340981,12.3974572667897,12.5825366008472,0.697283184060571,1.26222892841095e-12,4.54312279874831
"106","09/07/2020",1,2459039.5,191,28,1.2,"7",14,0.777243204233822,0.878608774721528,0.883500820412117,0.88743676222597,0.89900223986968,0.883500820412117,0.878224685533246,0.00225156086840092,0.0044711536575806,0.000476535476346744,0.0218296925389879,0.0248566145982713,-3.27217150877268,-6.57758729210709,10.8590746036945,11.0211877090581,0.566819511269035,3.24068277365307e-15,4.54298029710081
"107","25/10/2020",1,2459147.5,299,43,1.2,"7",3,0.793141926749797,0.820347819466471,0.825383472857568,0.83164573715008,0.842447882618059,0.825383472857568,0.825791061354451,0.000837590614389414,0.00166328896173353,6.83044473064504e-05,0.00812074230027306,0.00986711048461009,-0.695951620759158,-1.39897389985642,3.59607143545779,3.64975651717859,0.930183975833832,0.0212798642341138,4.54324437335774
"108","25/10/2020",1,2459147.5,299,43,1.2,"7",5,0.309600862998921,0.525170509905814,0.626586209714768,0.682270549207519,0.751270755676042,0.626586209714768,0.603032867579379,0.0110501590815669,0.0219434259529855,0.0114779654784259,0.107135267201916,0.17766074282479,-0.614735275740344,-1.23571607627506,-0.563708608470387,-0.572124109456839,0.93680079389492,0.000201096565758719,4.52685867746249
"109","25/10/2020",1,2459147.5,299,43,1.2,"7",8,0.509293680297398,0.529213103681189,0.542272605624789,0.556760204081633,0.766698935140368,0.542272605624789,0.55529299086688,0.00531554489433469,0.0105556186954065,0.00265597164722663,0.0515361198309169,0.0928088786974652,2.82727494830871,5.68327415645254,7.87163620138728,7.98915039439831,0.613801878290481,2.3427563542395e-14,4.53935480763296
"110","13/06/2020",1,2459013.5,165,24,2.1,"8",1,0.551883674818242,0.605915813424346,0.650186567164179,0.666587169091343,0.699074074074074,0.650186567164179,0.637999535578682,0.0026468884997391,0.00522215363231941,0.00129611346505945,0.0360015758691123,0.0564288433791068,-0.564511332954669,-1.57991313657135,-0.848410437658437,-1.19339348626803,0.931385777526847,1.13805182425562e-07,5.2187535236159
"111","13/06/2020",1,2459013.5,165,24,2.1,"8",3,0.577948486217804,0.647282221694754,0.690349456144411,0.712577604046907,0.754072034870383,0.690349456144411,0.677790773389117,0.00312246737419124,0.00616044247482993,0.00180371346303441,0.0424701479045507,0.0626596725301965,-0.601050391714257,-1.68217598863859,-0.684074663169691,-0.962235034968265,0.93618759777284,2.73604474853126e-07,5.21837553891907
"112","13/06/2020",1,2459013.5,165,24,2.1,"8",5,0.600711201422403,0.689064558629776,0.732866433216608,0.757259865971705,0.796200345423143,0.732866433216608,0.720256534261936,0.00336323238869783,0.00663545753313895,0.00209259643857143,0.0457449061488974,0.0635119627144699,-0.691659511678684,-1.93576618349915,-0.53013411938274,-0.745698752440979,0.929108976705089,7.60254615784077e-08,5.21831674716271
"113","13/06/2020",1,2459013.5,165,24,2.1,"8",7,0.653513513513514,0.732791327913279,0.758785942492013,0.780214176440592,0.805048737815546,0.758785942492013,0.752397588590347,0.00247339275547624,0.00487985684453119,0.00113176926872583,0.0336417786201299,0.0447127677311665,-0.714430795140415,-1.99949679044636,-0.205480020275998,-0.289032886526464,0.946107953361624,1.90259753847084e-06,5.21934999290742
"114","13/06/2020",1,2459013.5,165,24,2.1,"8",8,0.739080127277987,0.794974874371859,0.814621409921671,0.832631578947369,0.855409243480506,0.814621409921671,0.810315330654637,0.00180336327616917,0.00355792852021025,0.000601642034579584,0.0245283924173515,0.0302701818531996,-0.633456763615731,-1.77287257821418,-0.0860979723345454,-0.121107373040474,0.960662467443848,4.8037883628978e-05,5.21989702110918
"115","13/06/2020",1,2459013.5,165,24,2.1,"8",10,0.587539432176656,0.607424960505529,0.614671503426038,0.621946636602781,0.641785227051257,0.614671503426038,0.614585284601986,0.000852569386836146,0.00168206870848907,0.00013447179348348,0.0115961973717025,0.0188683290378688,-0.0365620182853799,-0.102327109513091,-0.35790053535123,-0.503431061973748,0.990267450171397,0.242154117760252,5.22017871147027
"116","13/06/2020",1,2459013.5,165,24,2.1,"8",11,0.535941765241128,0.566820276497696,0.579425113464448,0.58852140077821,0.622817801819523,0.579425113464448,0.577868568683219,0.00128639258615,0.00253797608664442,0.000306139088854811,0.0174968308231751,0.0302782185628211,-0.124494407767574,-0.348425866372208,-0.315613893798081,-0.443949706787975,0.990817136967111,0.285644364650439,5.21989915269992
"117","13/06/2020",1,2459013.5,165,24,2.1,"8",12,0.634309193631228,0.695866909279958,0.713477366255144,0.727557411273486,0.754583921015515,0.713477366255144,0.710324983337179,0.001707201513751,0.00336820708050782,0.000539189346582433,0.0232204510417527,0.0326898977038097,-0.498415356740632,-1.3949285401621,0.0949183732537193,0.133514350295806,0.977831159788484,0.00485496551134078,5.21982119234427
"118","13/06/2020",1,2459013.5,165,24,2.1,"8",14,0.684574468085106,0.755792762301484,0.77490297542044,0.788054968287527,0.812791783380019,0.77490297542044,0.770319987941439,0.00176860086525731,0.00348934435037105,0.000578670568808951,0.0240555725105214,0.0312280258685824,-0.949383646587323,-2.65706569084906,0.902675902526908,1.2697245277414,0.941426405640203,7.44694585959239e-07,5.21986572338467
"119","13/06/2020",1,2459013.5,165,24,2.1,"8",15,0.664893214501407,0.719324855714729,0.742410974273197,0.756084075635418,0.791733746669298,0.742410974273197,0.737212321964984,0.00184260496539279,0.00363535003983137,0.000628648955611294,0.0250621370960395,0.0341068295107406,-0.496163243721522,-1.38862549053986,-0.0800423358457185,-0.112589376537603,0.966454114219715,0.00508534852792786,5.2197710271752
"120","28/06/2020",1,2459028.5,180,26,0.9,"9",1,0.771081628063863,0.797924085885935,0.813021702838063,0.835279362462424,0.867361250250451,0.813021702838063,0.815678712692236,0.00287028407279483,0.00572460107610776,0.000584935676756317,0.0241854434889319,0.0296506983847907,0.160832228247905,0.282355282439686,-0.800246631115931,-0.711316169910704,0.980810021982723,0.349202658085054,4.2622470443076
"121","28/06/2020",1,2459028.5,180,26,0.9,"9",3,0.805106582337784,0.838026823000321,0.859732412602503,0.872379281077827,0.905135241081929,0.859732412602503,0.857553153760799,0.00270018463023903,0.00538534843518288,0.000517660789653915,0.0227521601096229,0.0265314867187454,-0.117363025665797,-0.20604123079588,-0.661176506298137,-0.587700743505909,0.982697682197472,0.435607541997615,4.26233241188935
"122","28/06/2020",1,2459028.5,180,26,0.9,"9",5,0.812644208583295,0.854376928348456,0.873221216041397,0.887147784952004,0.908014748690083,0.873221216041397,0.870957880742167,0.00239302684391254,0.00477274154696384,0.000406587000773707,0.0201640025980386,0.0231515243663176,-0.384180385680099,-0.674462839246926,-0.460987566967608,-0.409758564124901,0.973506273210526,0.137989094699718,4.26241479864074
"123","28/06/2020",1,2459028.5,180,26,0.9,"9",6,0.843564825788101,0.881236253171254,0.895828735378504,0.905624241262539,0.918383210260396,0.895828735378504,0.891754763203062,0.00214007449064706,0.00426824398610132,0.000325174236611798,0.0180325881839463,0.0202214655060273,-0.745951032631875,-1.30958338884851,-0.248221610949781,-0.220637037039003,0.932305346434772,0.000870896364990795,4.26247723564455
"124","28/06/2020",1,2459028.5,180,26,0.9,"9",7,0.641341546885695,0.782820567119347,0.80279670132664,0.819713074924628,0.872539205872539,0.80279670132664,0.795161421789737,0.00558805836898034,0.011145030993838,0.00221707413979432,0.04708581675828,0.0592154189929134,-1.22500374270428,-2.15060303229644,1.88067073561662,1.67167402211552,0.89862298968615,3.03643396528164e-05,4.26090344540395
"125","28/06/2020",1,2459028.5,180,26,0.9,"9",8,0.700087183958152,0.750819563561707,0.777384464110128,0.827178498481544,0.871593195536857,0.777384464110128,0.786079140972775,0.00538676871072561,0.010743571429199,0.00206022667714252,0.0453897199500341,0.0577419213717644,0.184201890660892,0.323382803497022,-1.11755686046216,-0.993364088934497,0.956343855742173,0.014764201971415,4.26104046834115
"126","28/06/2020",1,2459028.5,180,26,0.9,"9",10,0.622549019607843,0.67037655524868,0.692786963815001,0.721941108063952,0.761122068814376,0.692786963815001,0.694545914308989,0.00416779355537834,0.00831240214104735,0.00123330572153798,0.0351184527212971,0.0505631837979161,0.0316006668820127,0.0554777815364213,-0.7979276007428,-0.709254850638892,0.979459278623184,0.296147357223264,4.26141904067513
"127","28/06/2020",1,2459028.5,180,26,0.9,"9",12,0.720895889736648,0.757331592669097,0.793167128347184,0.826858969703886,0.85962014863749,0.793167128347184,0.792823934611334,0.00482202983748416,0.00961723526194639,0.00165088999450471,0.0406311456213668,0.0512486364848274,0.0666703604086887,0.117045747911511,-1.28700416743103,-1.14398091718243,0.942512758778208,0.00275720620684917,4.26138567436429
"128","28/06/2020",1,2459028.5,180,26,0.9,"9",13,0.723543245361902,0.760481069304599,0.808882235528942,0.850622854580792,0.885931558935361,0.808882235528942,0.806301470323451,0.00597584281500037,0.0119184426843479,0.002535459511821,0.0503533465801529,0.062449776458864,-0.00940072545532398,-0.0165038097152056,-1.34951859232058,-1.19954818800567,0.937735924312825,0.00159370402508046,4.26075487374453
"129","28/06/2020",1,2459028.5,180,26,0.9,"9",14,0.767641534746445,0.795279881244171,0.831219512195122,0.858261391069533,0.893884508842958,0.831219512195122,0.829683729341056,0.00435448815254771,0.00868475277420911,0.00134627126201817,0.0366915693588891,0.0442235614142149,0.105514801523528,0.185240619434937,-1.19046873772693,-1.05817335555353,0.955618493768557,0.013475615457017,4.26171673525508
"130","28/06/2020",1,2459028.5,180,26,0.9,"9",15,0.770710059171598,0.806914155813256,0.8363508111921,0.858035279451068,0.882638607851072,0.8363508111921,0.832395773532001,0.00366077886088297,0.00730119321813243,0.000951492432648419,0.0308462709682778,0.0370572171905579,-0.141408139072312,-0.24825456615256,-1.0872456515655,-0.966421328816067,0.964873202239775,0.0442597842342935,4.26200142631019
"131","09/09/2020",1,2459101.5,253,37,0.9,"9",1,0.720895889736648,0.757331592669097,0.793167128347184,0.826858969703886,0.85962014863749,0.793167128347184,0.792823934611334,0.00482202983748416,0.00961723526194639,0.00165088999450471,0.0406311456213668,0.0512486364848274,0.0666703604086887,0.117045747911511,-1.28700416743103,-1.14398091718243,0.942512758778208,0.00275720620684917,4.26138567436429
"132","09/09/2020",1,2459101.5,253,37,0.9,"9",2,0.723543245361902,0.760481069304599,0.808882235528942,0.850622854580792,0.885931558935361,0.808882235528942,0.806301470323451,0.00597584281500037,0.0119184426843479,0.002535459511821,0.0503533465801529,0.062449776458864,-0.00940072545532398,-0.0165038097152056,-1.34951859232058,-1.19954818800567,0.937735924312825,0.00159370402508046,4.26075487374453
"133","09/09/2020",1,2459101.5,253,37,0.9,"9",3,0.767641534746445,0.795279881244171,0.831219512195122,0.858261391069533,0.893884508842958,0.831219512195122,0.829683729341056,0.00435448815254771,0.00868475277420911,0.00134627126201817,0.0366915693588891,0.0442235614142149,0.105514801523528,0.185240619434937,-1.19046873772693,-1.05817335555353,0.955618493768557,0.013475615457017,4.26171673525508
"134","09/09/2020",1,2459101.5,253,37,0.9,"9",4,0.770710059171598,0.806914155813256,0.8363508111921,0.858035279451068,0.882638607851072,0.8363508111921,0.832395773532001,0.00366077886088297,0.00730119321813243,0.000951492432648419,0.0308462709682778,0.0370572171905579,-0.141408139072312,-0.24825456615256,-1.0872456515655,-0.966421328816067,0.964873202239775,0.0442597842342935,4.26200142631019
"135","09/09/2020",1,2459101.5,253,37,0.9,"9",5,0.800148038490007,0.836110299422026,0.856655290102389,0.882161332788055,0.905675786035116,0.856655290102389,0.856108928954016,0.00333768845635607,0.00665680972488682,0.00079095166045017,0.028123862829458,0.0328507995633446,-0.101213397443665,-0.177689121970232,-1.06173569008221,-0.943746259167155,0.968693915175486,0.0731611012508831,4.26214710215416
"136","09/09/2020",1,2459101.5,253,37,0.9,"9",6,0.298896247240618,0.532010737313463,0.6844,0.705496247370119,0.750437521876094,0.6844,0.61569086644149,0.0149385031328244,0.0297939050424152,0.0158442801853078,0.125874064784243,0.204443612281854,-0.996516451246542,-1.74947326859022,-0.379849724259365,-0.33763747386856,0.821799936565163,8.13525814650334e-08,4.24014597116711
"137","09/09/2020",1,2459101.5,253,37,0.9,"9",9,0.565983767283132,0.595788965831439,0.620769278840145,0.657093209199131,0.707042035822332,0.620769278840145,0.626030390404874,0.00443728516548107,0.00884988620954722,0.00141765408002609,0.0373892293906372,0.0597042306119863,0.339013482019422,0.595168322352097,-0.974203866379767,-0.865941743458668,0.952604402990493,0.0223945674001039,4.26090748444864
"138","09/09/2020",1,2459101.5,253,37,0.9,"9",11,0.527324343506033,0.594586299299973,0.621092278719397,0.659766318171359,0.700442823651993,0.621092278719397,0.625102788688132,0.0052126810084342,0.010396364455046,0.00192921507399403,0.0439228308968586,0.0702649735238534,-0.0146604735702995,-0.0257377653766069,-0.952932696994681,-0.847034413957735,0.968592031201636,0.0721839459220776,4.26024098963763
"139","09/09/2020",1,2459101.5,253,37,0.9,"9",14,0.586479151245991,0.604412772003138,0.629884492504301,0.666143790457924,0.713397129186603,0.629884492504301,0.638844449189079,0.00436023169558436,0.00869620790959446,0.00134982505118167,0.0367399653127446,0.0575100329342779,0.436078296880988,0.765574238590159,-1.10531580926265,-0.982483371270271,0.926796110492646,0.000481124311701852,4.26106161686935
"140","15/05/2020",1,2458984.5,136,20,2.1,"10",1,0.60751922529194,0.670892641947709,0.689740082079343,0.707404058216299,0.755498721227621,0.689740082079343,0.689399041284691,0.00193887307630041,0.00382736784659286,0.000642828125826446,0.0253540554118359,0.0367770389767134,-0.140831044299195,-0.379186147183803,-0.185310537336493,-0.250868696637064,0.985755103685902,0.0791777792091634,5.14098963114751
"141","15/05/2020",1,2458984.5,136,20,2.1,"10",3,0.585353535353535,0.639494597249509,0.655034895314058,0.672773845715726,0.748476936466492,0.655034895314058,0.659776253202296,0.00228046876921172,0.00450168345165457,0.000889291965056855,0.0298209987266834,0.04519865421337,0.910146152811504,2.45055921282213,0.81288750410328,1.10046644728382,0.936297188084769,6.84508591729372e-07,5.14066080979253
"142","15/05/2020",1,2458984.5,136,20,2.1,"10",5,0.777369281045752,0.812956716396193,0.819079597076832,0.827209872693583,0.853264009243212,0.819079597076832,0.820253652940006,0.000935698947878643,0.00184708535642516,0.000149716061101465,0.012235851466141,0.0149171557143141,0.0314882639309566,0.0847818287573003,0.729455325426803,0.987518083834026,0.98607658255524,0.0871491203195211,5.14155294834689
"143","15/05/2020",1,2458984.5,136,20,2.1,"10",7,0.816690014008405,0.841293603269651,0.84626782737544,0.853049497235833,0.877418188392696,0.84626782737544,0.84673862925759,0.000726722814286404,0.00143456297721796,9.0309554345544e-05,0.00950313392231973,0.0112232200043264,0.227265353275308,0.611909640560141,0.697467795415154,0.944214178519187,0.988743041701653,0.191252847682148,5.1416009931488
"144","15/05/2020",1,2458984.5,136,20,2.1,"10",9,0.871067106710671,0.88982971829328,0.893005745987715,0.898637020653042,0.91350531107739,0.893005745987715,0.893977485971044,0.000524378515882834,0.00103513195147544,4.70203535742316e-05,0.00685713887669133,0.00767037088103294,0.115802371893077,0.311796702576412,0.248093781734375,0.335863057557527,0.988528234885809,0.179719670698913,5.14163431901146
"145","15/05/2020",1,2458984.5,136,20,2.1,"10",11,0.449807521468759,0.551913386249068,0.587132725430598,0.607338328129987,0.655572365103379,0.587132725430598,0.576780323930433,0.00312755478073563,0.00617384539120323,0.00167265341301189,0.0408980856888423,0.0709075604558508,-0.788657253566476,-2.12345159347896,0.19366492375476,0.262178652682074,0.949197455733063,8.05389403438988e-06,5.13911011635978
"146","15/05/2020",1,2458984.5,136,20,2.1,"10",12,0.787403667286739,0.818747767669835,0.826887661141805,0.836365261164054,0.851351351351351,0.826887661141805,0.826961259378357,0.000940007986974431,0.00185559147159408,0.000151098167663448,0.0122921994640279,0.0148642990522533,-0.273667031944011,-0.736845686052115,-0.276696938618842,-0.374585284530956,0.988777636681279,0.193172895636518,5.14155356787482
"147","15/05/2020",1,2458984.5,136,20,2.1,"10",14,0.641952641827774,0.758791828199803,0.796134824149374,0.816361400050779,0.838458537134767,0.796134824149374,0.782839258111546,0.00331930203337477,0.00655235767155524,0.00263956527852399,0.0434055063797091,0.0604243634002574,-1.05681942484226,-2.84547549845322,0.390516211992933,0.528670924635096,0.891936485209843,4.14356945571143e-09,5.13884518844971
"148","15/05/2020",1,2458984.5,136,20,2.1,"10",15,0.871150126469275,0.891718591195059,0.894662921348314,0.898008773064624,0.904701397712833,0.894662921348314,0.894257024473356,0.000410396001130857,0.000810128562977249,2.88006540942579e-05,0.00536662408728783,0.00600120987637568,-1.1879795240027,-3.19862272470847,2.93009406673162,3.96668689277066,0.926954672053832,1.36037342567992e-07,5.14164561110702
"149","20/07/2020",1,2459050.5,202,30,2.1,"10",1,0.449807521468759,0.551913386249068,0.587132725430598,0.607338328129987,0.655572365103379,0.587132725430598,0.576780323930433,0.00312755478073563,0.00617384539120323,0.00167265341301189,0.0408980856888423,0.0709075604558508,-0.788657253566476,-2.12345159347896,0.19366492375476,0.262178652682074,0.949197455733063,8.05389403438988e-06,5.13911011635978
"150","20/07/2020",1,2459050.5,202,30,2.1,"10",2,0.787403667286739,0.818747767669835,0.826887661141805,0.836365261164054,0.851351351351351,0.826887661141805,0.826961259378357,0.000940007986974431,0.00185559147159408,0.000151098167663448,0.0122921994640279,0.0148642990522533,-0.273667031944011,-0.736845686052115,-0.276696938618842,-0.374585284530956,0.988777636681279,0.193172895636518,5.14155356787482
"151","20/07/2020",1,2459050.5,202,30,2.1,"10",4,0.641952641827774,0.758791828199803,0.796134824149374,0.816361400050779,0.838458537134767,0.796134824149374,0.782839258111546,0.00331930203337477,0.00655235767155524,0.00263956527852399,0.0434055063797091,0.0604243634002574,-1.05681942484226,-2.84547549845322,0.390516211992933,0.528670924635096,0.891936485209843,4.14356945571143e-09,5.13884518844971
"152","20/07/2020",1,2459050.5,202,30,2.1,"10",5,0.871150126469275,0.891718591195059,0.894662921348314,0.898008773064624,0.904701397712833,0.894662921348314,0.894257024473356,0.000410396001130857,0.000810128562977249,2.88006540942579e-05,0.00536662408728783,0.00600120987637568,-1.1879795240027,-3.19862272470847,2.93009406673162,3.96668689277066,0.926954672053832,1.36037342567992e-07,5.14164561110702
"153","20/07/2020",1,2459050.5,202,30,2.1,"10",6,0.838187702265372,0.860621479612313,0.868143100511073,0.878117950152729,0.891677675033025,0.868143100511073,0.868250581843943,0.00092612572011509,0.00182818764487395,0.000146668213257437,0.0121106652689865,0.0139483526095273,-0.228628031920793,-0.615578638883646,-0.676351524308153,-0.915627507266764,0.980784119607364,0.0181356893963536,5.14156673632957
"154","20/07/2020",1,2459050.5,202,30,2.1,"10",8,0.796083727211344,0.826509958608966,0.837365318154096,0.845862241474675,0.865843621399177,0.837365318154096,0.835874314418641,0.00106141343101026,0.00209524784651817,0.000192648338631455,0.0138797816492715,0.0166051060666041,-0.376899690823023,-1.01479856482727,-0.243712134804439,-0.329931295283043,0.984061535124854,0.0477536769863891,5.14152619269419
"155","20/07/2020",1,2459050.5,202,30,2.1,"10",9,0.61285940683722,0.688706114027563,0.704527402700556,0.720287796994976,0.781399808245446,0.704527402700556,0.70489065651924,0.00217209407665154,0.0042877499978564,0.000806776747908027,0.0284038157279621,0.0402953500167253,0.0714748915584169,0.192445414896147,0.406507506206911,0.550319532397297,0.988031109212169,0.155467172514864,5.14085647280107
"156","20/07/2020",1,2459050.5,202,30,2.1,"10",10,0.625063419583967,0.688414156186019,0.702027622685865,0.715326490248651,0.773318872017354,0.702027622685865,0.701346191186037,0.00177018002541786,0.00349436494568947,0.000535834882128412,0.0231481075280121,0.033005251641656,-0.316248086482405,-0.851494740128108,0.928265550443685,1.25666231462076,0.984729097855056,0.0582803123257913,5.14111977665142
"157","20/07/2020",1,2459050.5,202,30,2.1,"10",11,0.648983900765373,0.710822146083969,0.722140112326338,0.730353018658858,0.761185185185185,0.722140112326338,0.718862672626064,0.0013885002831075,0.00274092275740453,0.000329676549188423,0.0181569972514296,0.025257949734823,-0.9824422516228,-2.64521571985218,1.55390510443638,2.10363724508432,0.938097586248058,9.48849445285555e-07,5.14134364148363
"158","20/07/2020",1,2459050.5,202,30,2.1,"10",12,0.68184311574328,0.731778583032757,0.741505239758653,0.748416246166765,0.778565101860053,0.741505239758653,0.739257931176351,0.00124145546478506,0.00245065382926548,0.000263547195748643,0.0162341367417132,0.0219600440618615,-0.700782898309988,-1.88685079021303,1.29799792032635,1.75719660193206,0.963329683117978,0.000179233692785942,5.14142252260201
"159","20/07/2020",1,2459050.5,202,30,2.1,"10",13,0.692266380236305,0.725463602162356,0.732620320855615,0.740889838388057,0.771493212669683,0.732620320855615,0.733379202992337,0.00101369475139286,0.00200105037568732,0.000175715675379245,0.0132557789427572,0.018074931616101,-0.011311184986753,-0.0304552499525465,0.605392158356865,0.819564520745562,0.989499732202781,0.237472170660211,5.14150111691642
